[
  {
    "category": "business",
    "title": "Julio Herrera Velutini and the House That Preceded the Republic: A Profile in Financial Continuity",
    "shortdescription": "In Caracas, where political transitions often make and unmake fortunes, few names have remained institutionally relevant across centuries. One such name belongs to Julio Martín Herrera Velutini, a financier whose family history spans landownership under the Spanish Crown, currency issuance in republican Venezuela, and more recently, discreet banking operations from Geneva to the Caribbean.",
    "description": "The Herrera family traces its origins to Castile and the Canary Islands, where it held significant land during the Spanish imperial era. Its expansion into the Americas followed the Crown’s colonial project, ultimately leading to landholdings in what are now Venezuela, Puerto Rico, and parts of New Granada. The Velutinis, of Italian origin, arrived in Venezuela during the 18th century, bringing with them mercantile and banking expertise. Their union with the Herrera family through intermarriage gave rise to one of the most established financial lineages in South America. Together, they oversaw Hacienda de La Vega, a Caracas estate dating back to 1590, which remains one of the oldest continuously held family properties in Venezuela. The estate served both as a family residence and as an operational node during periods of economic and political upheaval.",
    "image": "/images/julio-herrera-velutini.webp",
    "slug": "julio-herrera-velutini-house-preceded-republic-financial-continuity",
    "date": "September 13, 2025",
    "author":"Daniel Ruiz"
    
  },
  {
    "category": "business",
    "title": "Protesters Clash With Police in France, 200 Arrested After New PM Named",
    "shortdescription": "Massive protests disrupt daily life in France as citizens react to political turmoil and changes, resulting in mass arrests and police interventions.",
    "description": "Demonstrations erupted nationwide as protestors clashed with police officers after President Emmanuel Macron announced a new prime minister. Protesters were blocking streets and starting fires while getting hit with tear gas in Paris and other cities. Authorities have arrested an estimated 200 people, suggesting a national civil disturbance. Analysts write, while protests may look like a civil disturbance with little or no economic repercussions, they can have very real economic repercussions that can disrupt business, transportation for everyday people and investors and that political events have a devastating effect on economic stability and liquidity in the market.",
    "image": "/images/france-protests-arrests.webp",
    "slug": "france-protests-arrests-new-pm",
    "date": "10th September 2025",
    "author":"Daniel Ruiz"

  },
  {
    "category": "business",
    "title": "Novo Nordisk to Slash 9,000 Jobs and Focus More on Obesity and Diabetes Treatments",
    "shortdescription": "Pharmaceutical major Novo Nordisk undertakes a massive workforce cut to sharpen focus on growing obesity and diabetes meds.",
    "description": "Danish pharmaceutical company Novo Nordisk, famous for weight-loss drug Wegovy, has just announced major restructuring for expunging of 9,000 jobs worldwide, with 5,000 reduced in Denmark alone. The stated aim of the layoffs is to streamline operations and refocus the company on opportunities for growth in obesity and diabetes treatments, where competition is mounting unabated. Analysts argue that the reorganization will enhance efficiency and innovation so that Novo Nordisk can better respond to market demands whilst holding its leadership position in metabolic therapies.",
    "image": "/images/novo-nordisk-job-cuts.webp",
    "slug": "novo-nordisk-job-cuts-obesity-diabetes",
    "date": "10th September 2025",
     "author":"Lauren Jacobs"

    
  },
  {
    "category": "business",
    "title": "Global Markets Edge Higher After Wall Street Rally",
    "shortdescription": "Stocks around the world gained after Wall Street’s strong finish, helped by solid U.S. jobs data and growing talk of possible rate cuts.",
    "description": "Markets across Europe and Asia followed Wall Street higher on Tuesday. The jump came after new jobs figures in the United States raised hopes that the Federal Reserve could start cutting interest rates sooner rather than later. Traders say lower rates would ease borrowing costs, giving businesses and consumers a lift and improving sentiment across financial markets. The upbeat mood pushed gains across sectors worldwide, with investors showing more appetite for risk. Despite the optimism, concerns about the economy and geopolitical flare-ups are keeping some investors on edge.",
    "image": "/images/global-shares-wall-street-rally.webp",
    "slug": "global-shares-rise-wall-street-rally",
    "date": "9th September 2025",
     "author":"Lauren Jacobs"

  },
  {
    "category": "business",
    "title": "South Korea Sends Charter Flight to Repatriate Workers Detained in U.S. Immigration Raid",
    "shortdescription": "Seoul has dispatched a plane to bring home South Korean workers held in an immigration raid in Georgia, underscoring labor and immigration concerns.",
    "description": "The South Korean government has dispatched a charter flight to the United States to bring back citizens detained in an immigration raid in Georgia. Several South Koreans ended up in custody, a move that has stirred questions about worker protections and U.S. immigration practices. Officials in Seoul said they are working to safeguard their citizens while respecting U.S. immigration law. Diplomats and analysts warn that such incidents could strain labor mobility and underline the need for clearer policies and stronger communication between the two countries.",
    "image": "/images/south-korea-us-workers-raid.webp",
    "slug": "south-korea-us-workers-immigration-raid",
    "date": "9th September 2025",
    "author":"David Miller"
  },
  {
    "category": "business",
    "title": "Court Says Fed Governor Lisa Cook Can Stay While She Fights Trump’s Removal Effort",
    "shortdescription": "A federal judge has ruled that Lisa Cook can remain on the Federal Reserve Board as she challenges former President Trump’s attempt to remove her.",
    "description": "A federal judge has halted efforts to remove Federal Reserve Governor Lisa Cook, allowing her to stay in her post while she fights former President Donald Trump’s attempt to dismiss her. The decision reinforces the independence of the central bank and the legal protections given to its officials. Observers say stability inside the Fed is vital for financial markets, warning that disputes over leadership could affect monetary policy, investor confidence, and the broader economy.",
    "image": "/images/lisa-cook-fed-governor.webp",
    "slug": "lisa-cook-fed-court-ruling",
    "date": "9th September 2025",
     "author":"Lauren Jacobs"

  },
  {
    "category": "business",
    "title": "Trump’s Trade and Immigration Moves Put Pressure on Key U.S. Alliances",
    "shortdescription": "Decisions by President Trump on trade and immigration are straining ties with partners such as South Korea and India, both central to countering China.",
    "description": "President Trump's trade and immigration initiatives are certainly putting pressure on U.S. relationships with South Korea and India. These countries form the backbone of U.S. attempts to counter China, and any deterioration in the relationships between Washington and either of these countries is likely to have consequences for trade, security, and even regional cooperation. Officials in both Seoul and New Delhi expressed views privately that trade restrictions and visa measures will at a minimum, make joint projects and long-term strategic planning more complicated. Analysts say it is entirely prudent for Washington to pursue domestic policies to satisfy its constituents, but carefully balancing domestic policies against engaging allies is really the critical task. If the situation escalates, the ultimate effect could lead to stalled economic engagements, strained military relations, and possible degradation of investor confidence in the region. Observers of alliances typically agree that alliances are not fragile, but nevertheless require consistent focus, interpersonal contact, and good faith to maintain effectiveness. In this case, we are reminded that while domestic issues are important each is relative to the other, and even very small policy changes domestically can affect the course of negotiations abroad, and highlight how interconnected global politics is to domestic decision-making. The next few months will be important in determining if these partnerships can remain durable or become irreversible issues. Even in the short term, maintaining consistent contact, mutual acknowledgement of issues, and recognizing concerns of the partner nation will go a long way to making sure that all parties benefit.",
    "image": "/images/trump-us-allies-china.webp",
    "slug": "trump-policies-strain-us-allies-china",
    "date": "9th September 2025",
    "author":"David Miller"

  },
  {
    "category": "business",
    "title": "Klarna Sets IPO Price at $40, Valuing BNPL Fintech at $15 Billion",
    "shortdescription": "Swedish fintech Klarna prices its IPO at $40 per share, putting the buy now, pay later company’s market value at $15 billion ahead of trading.",
    "description": "Swedish fintech Klarna has set the price of its much-anticipated initial public offering at $40 a share, giving the BNPL company a market valuation of around $15 billion. The IPO launches at a moment when alternative payment types are receiving considerable attention from both investors and consumers indicating sustained interest in fintech innovation in the face of regulatory headwinds. Analysts believe Klarna’s IPO will act as a bellwether event for the BNPL space, offering a good barometer on the sentiment investors have surrounding digital payment platforms and their potential growth in the years to come. The company has established an offering around providing flexible payment options for consumers, which has led to rapid brand growth around the world as well as consumer adoption. While the majority of market watchers will be looking for updates on results after the Klarna IPO, others will be investigating how it manages increasing competition from rivals and financial regulation in many of their notable markets including the US and Europe. The IPO will aim to raise more capital for Kalrna to develop their technology infrastructure, expansion in to new geographic markets, and development of strategic relationships. Industry observers anticipate there to be a large pipeline of IPO including BNPL companies, fintech startups, and other alternative payment mechanisms.",
    "image": "/images/klarna-ipo-40.webp",
    "slug": "klarna-ipo-40bnpl-15billion",
    "date": "9th September 2025",
    "author":"David Miller"

  },
  {
    "category": "business",
    "title": "Trump’s Tariffs Impact U.S. Company Sales in China, Survey Finds",
    "shortdescription": "A recent survey shows that U.S. companies operating in China expect declining sales due to tariffs and retaliatory measures.",
    "description": "A recent study of U.S. businesses doing business in China suggests that many expect sales to decrease in this year due to tariffs imposed while Trump was President, and tariffs that China put in place on goods sold in China. In addition, survey responses shed light on larger challenges multinational companies must manage when they experience trade tensions between the largest economies in the world. Companies report problems including: supply chain disruptions, increased costs, lost competitiveness, and changes to marketing plans to account for new cost pressures from tariffs. Analysts have pointed out that uncertainty around trade policy disincentivizes long-term planning and creates complications around investments or profitability.  Many respondents also indicate they are considering alternative supply sources or moving the production of goods to countries other than China, while a number of companies are evaluating alternative ways to rationalize pricing and marketing programs in China.  Many of the responses illustrate how national decisions can ripple into the global marketplace and constrain company behavior and consumer prices, as well as, reposition them competitively. For companies that are U.S.-based and depend on China for revenues, these results serve as reminders of the degree of interconnectedness in international trade and the importance of adapting their business.",
    "image": "/images/trump-tariffs-us-china.webp",
    "slug": "trump-tariffs-impact-us-china-sales",
    "date": "9th September 2025",
     "author":"Lauren Jacobs"

  },
  {
    "category": "business",
    "title": "NTSB Details Severe Turbulence That Injured Passengers on Delta Flight",
    "shortdescription": "The NTSB report describes how passengers were thrown around the cabin during a Delta flight encountering violent turbulence en route to Europe.",
    "description": "The National Transportation Safety Board (NTSB) released a report on a serious incident of turbulence that happened aboard a Delta Air Lines flight to Europe in July. The report describes how passengers who were not in their seat belts were violently thrown about the cabin, with some hitting the roof before landing back on the floor, and injuring themselves in the process. This incident apparently illustrates how important it is to adhere to all air carrier safety information, specifically the importance of remaining with your seatbelt fastened whenever you are in your seat, which should occur even when the seatbelt sign is off. Aviation experts indicate that turbulence is unpredictable, which is why preparation is important - for both passengers and the crew. The report alluded to the significant role of the flight attendants in helping passengers to stay safe, and that air carriers regularly engage in some level of review of safety practices to minimize exposure to the risk of turbulence even occurring. Overall, the experts identified another important message to travelers to remain vigilant throughout the duration of the flight, and that turbulence is a contributing factor to the predominance of in-flight injuries on modern aircraft. Overall, the report reinforces the need to identify proactive ways to remain safe and vigilant while on board to prevent injury as a result of sporadic turbulence event.",
    "image": "/images/delta-flight-turbulence.webp",
    "slug": "ntsbturbulence-delta-flight-report",
    "date": "9th September 2025",
    "author":"David Miller"

  },
  {
    "category": "business",
    "title": "The UN Chief Encourages Countries to Invest Money to Reduce Poverty Instead of Military Spending",
    "shortdescription": "The United Nations' message is clear: excessive military expenditures worldwide are distracting from investments in health, education, and job creation to improve long-term security.",
    "description": "On Monday, United Nations Secretary-General Antonio Guterres, on behalf of all leaders of the United Nations and the United Nations Organization, called on world leaders to re-evaluate their spending priorities to include addressing poverty, increasing investment in healthcare and education, and promoting job creation, rather than focusing on military increases, which generally do not prevent conflicts from escalating or guarantee peace or stability.  The UN chief emphasized in varying language that adding to military spending does little to ensure peace and security, and the makeup of military expenditures often conflates the means for development, xi taking funding from poverty reducing projects benefitting people.  Experts believe reducing poverty and funding social development and resilience in the economic and human factors that manage the reasons for conflicts, tackle inequality, and are sustainable actions for stability building.  United Nations call to action for greater investment in poverty reduction happens amid military budgets that have answered the increased costs associated with military assets while the millions of people on Earth cannot meet the basic of services.  Some commentators have noted that if all countries can spend some of the military budgets on poverty reduction and human development, most people would have access to education, healthcare, and dignified work, and more resilient societies with greater capacity for more prolonged growth and stability can emerge.  The appeal from the United Nations reflected the heart of security and development relationships: those communities that depend on and have access to education, healthcare and dignified forms of paid work have less likely social unrest making investment in human capital one of the more reliable ways of achieving secure development.",
    "image": "/images/un-poverty-investment.webp",
    "slug": "un-chief-invest-poverty-security",
    "date": "9th September 2025",
     "author":"Lauren Jacobs"

  },
  {
    "category": "business",
    "title": "Chief Justice Roberts Upholds Trump-Era Foreign Aid Freeze",
    "shortdescription": "The Supreme Court temporarily upholds the freeze on nearly $5 billion in foreign aid, affecting international development programs.",
    "description": "Chief Justice John Roberts has issued a provisional setback to the Trump administration's freeze on almost $5 billion in overseas assistance, in a way that could complicate several international development affairs. The freeze stops the supply of billions of dollars meant to support foreign states in many countries that relate to critical health, education, and infrastructure programs. Legally, the ruling expresses the balancing of competing interests of internal policy debate and judicial scrutiny; and reflects how matters of the U.S. budgetary process can extend far beyond the shores of the United States. Meanwhile, foreign diplomats and aid organizations have expressed concern, that even these brief interruptions could negatively affect existing program engagements and blur the lines for their touchdown partners. Many experts believe these freezes can lead to the diminishing of U.S. relationships and ability to act in the world, by making aid programming and action reliant on already known or expected funds. While this temporary ruling will not resolve the larger legal issue at hand, it illustrates the practicalities of implementing government spending in this manner, on this scale. Moving forward, however, observers will be curious about how this freeze plays itself out for both the domestic and global ramifications this could have for U.S. relations.",
    "image": "/images/foreign-aid-freeze.webp",
    "slug": "roberts-trump-foreign-aid-freeze",
    "date": "9th September 2025",
    "author":"Daniel Ruiz"

  },
  {
    "category": "business",
    "title": "Alex Jones Asks U.S. Supreme Court to Review $1.4 Billion Sandy Hook Judgment ",
    "shortdescription": "Far-right commentator Alex Jones requests the Supreme Court to review the $1.4 billion judgment against him over false claims about the Sandy Hook shooting.",
    "description": "Conspiracy theorist Alex Jones has petitioned the U.S. Supreme Court to review a $1.4 billion judgment handed down by a Connecticut court. The ruling found Jones liable for defamation and intentional infliction of emotional distress after he repeatedly claimed that the 2012 Sandy Hook Elementary School shooting was staged. Legal analysts say the case highlights the complex balance between protecting free speech and holding individuals accountable for spreading harmful misinformation. If the Supreme Court agrees to hear the appeal, it could set a significant precedent for how courts handle cases involving false claims and online platforms. Advocates for the families of the victims emphasize the importance of upholding the judgment to ensure accountability, while free speech proponents caution against broad limitations on public commentary. The outcome of the petition, whether the court takes the case or declines, is expected to reverberate across media, legal, and public discourse circles. Observers note that the decision could influence how misinformation is addressed legally in the United States and shape the responsibilities of media figures in reporting and commentary.",
    "image": "/images/alex-jones-sandy-hook-appeal.webp",
    "slug": "alex-jones-supreme-court-appeal-sandy-hook",
    "date": "9th September 2025",
    "author":"David Miller"

  },
  {
    "category": "business",
    "title": "Over 60 Containers Fall Off Cargo Ship at Long Beach Port",
    "shortdescription": "AA cargo mishap at the Port of Long Beach caused more than 60 containers to fall into the water, disrupting shipping operations.",
    "description": "Over 60 shipping containers fell from a cargo ship at the Port of Long Beach into the water and create a navigational hazard as well as a potential environmental hazard. Port authorities have dispatched recovery teams to recover containers from the water and troubleshoot any potential damage to the vessel or surrounding infrastructure. Shipping actions and activity are ongoing, but shipping schedules might incur some legitimate delays while safety is prioritized and cleanup is conducted. Looking at the incident, analysts said this clearly illustrates reasons we need to have safe systems in place, cargo is secured properly, and the importance of being aware and monitoring activity at busy ports may not be easy but is very critical. The shipping process not only may be plagued by issues out of their control with timely deliveries but also sometimes with all the logistical planning required for heavy amounts of trade and complex international trades. Environmental Analysts have said they will continue to monitor the incident, noting the sheared off container debris, lack of mangled containers in the water which would call for more caution, and to whatever leaking materials from containers going into marine systems could and would be worse than hazard materials but worse some chemical transformation would go unnoticed, potentially setting in motion lifecycle chemicals and waste being introduced into the nearby port waters for prolonged periods. Depending on the potential volume of containers criticized for trying to move at the same pace like most ports have been adopting to sustain, it is easy to take for granted all the safety mechanisms being put in place for front-of-mind delivery timelines over operational safety. This is the trouble port authorities would prefer to be concerned with operational improvement prior to scheduling times , but the focuses are typically mutually exclusive in practice as operational efficiency comes to market losses on the focus. Port authorities are expected to release ongoing updates based on daily recovery updates.",
    "image": "/images/long-beach-port-containers.webp",
    "slug": "long-beach-port-containers-fall",
    "date": "9th September 2025",
     "author":"Lauren Jacobs"

  },
  {
    "category": "business",
    "title": "South Korea Moves to Repatriate Workers Detained in U.S. Raid Amid Ongoing Concerns",
    "shortdescription": "South Korea’s foreign minister visits the U.S. to manage the return of over 300 workers detained in a recent immigration raid, while local residents remain anxious.",
    "description": "The South Korean government has acted to repatriate the workers seized from a U.S. immigration raid. The foreign minister traveled to the U. S. to consult with that government on returning their citizens, and to discuss the various diplomatic and logistical issues involved. Once the various South Korean government officials worked with U.S. officials to handle the repatriation of the workers, local communities were still left to deal with concerns about the more widespread ramifications of immigration enforcement on workers, and labor conditions in general. Several experts commented that once again this exemplified the need for the creation of solid policies, reinforced labor protections, and proactive diplomatic engagement on international labor issues. Further, the situation highlights how regulatory enforcement impedes global labor mobility, and how labor rights for domestic and foreign workers may need safeguarding on an international basis. Analysts commented that the repatriation will further help to manage the situation in terms of the humanitarian issue and may even serve as a 'case study' for future governmental engagement to address overseas labor situations. Lastly, advocates and family members of the detained workers were observing the situation closely, which they hoped would resolve in a safe and in a timely manner.",
    "image": "/images/korean-workers-us-raid.webp",
    "slug": "south-korea-us-workers-repatriation",
    "date": "9th September 2025",
    "author":"Daniel Ruiz"

  },
  {
    "category": "business",
    "title": "Supreme Court to Expedite Review of Trump's Authority to Impose Broad Tariffs",
    "shortdescription": "The U.S. Supreme Court will quickly hear a case that is examining whether Congress gave former President Trump the legal right to impose sweeping tariffs.",
    "description": "The U.S. Supreme Court has indicated it will expedite a case that seeks to determine whether Congress gave former President Donald Trump the legal authority to impose broad tariffs under U.S. law. The case is asking what limits there might be, if any, concerning executive power and Congress' role in trade policy under U.S. law. Some outside legal experts believe the Court’s decision, either way, would have important implications, not only for U.S. trade policy, but also for international economic relations, and for the use of tariffs and duties by future administrations. If the Court rules the government has this authority, it may genuinely bolster the idea that the President can expeditiously act in this regard. If it limits executive power, it will open the possibility for more Congressional control over trade policy and it may direct how future cases involving trade disputes are resolved. Analysts say that businesses, investors, and trading partners are following the case very closely, because its outcome may affect tariffs that are already imposed, and may also change expectations for U.S. trade enforcement. The specific test used by the Court to evaluate the likelihood of dissenting from the lower court decision also indicates that the review",
    "image": "/images/supreme-court-trump-tariffs.webp",
    "slug": "supreme-court-trump-tariffs-authority",
    "date": "9th September 2025",
    "author":"David Miller"

  },
  {
    "category": "business",
    "title": "Apple Unveils iPhone 17 Lineup, Introducing the First iPhone Air",
    "shortdescription": "This marks the launch of Apple's iPhone 17 series with the introduction of the first-ever iPhone Air, with the similarities and differences across design, performance, and camera quality.",
    "description": "Apple has launched its first iPhone 17 series and the first-ever iPhone Air. Apple's new iPhone 17 series has many great features including: a faster processing chip, a better camera system, and an overall better design that has improved user interface and user experience. The iPhone Air is designed to be smaller to fulfill the needs of consumers who want a phone that is easier to carry and handle, but still provides good performance. From our reports, the iPhone 17 series shows how Apple continues to innovate in the smartphone market and continue to drive trends in hardware and software designs. Consumers want the very best and best designed technology, and as with the Apple brand, the products are similar, fast, and easy to use, and wallets are not always a deciding factor. Other features of the new iPhone 17 series (besides performance) includes: longer battery life, new photography functions, and improved overall design supports potential larger usage for the brand ecosystem. We believe that the introduction of the new iPhone Air could provide additional consumers that are looking for something in between, however still a premium device that is lighter and accessible at a lower price of entry, for Apple, it could further solidify their market share.",
    "image": "/images/apple-iphone-17-air.webp",
    "slug": "apple-iphone-17-lineup-air",
    "date": "9th September 2025",
     "author":"Lauren Jacobs"

  },
  {
    "category": "business",
    "title": "Man Pleads Guilty to Attempted Drone Attack on Nashville Power Substation",
    "shortdescription": "A 24-year-old man with links to white nationalist groups has confessed to trying to bomb a Nashville electric installation with a drone. ",
    "description": "A Nashville-area man has pleaded guilty in connection with the attempted attack to a Nashville area power substation with a drone with explosives. In announcing the arrest, officials pointed out the defendant’s associations with white nationalist groups and that his plan involved interrupting electricity service which posed serious risks to public safety and critical regional energy infrastructure. Prosecutors noted that the facts around the attempted attack were serious as an attack could have caused a cascading sequence of power outages and jeopardized the safety of residents. This incident highlighted the increasing criminal use of drones and extremist use, and that this incident is not unique as drone incidents are becoming more frequent; and further stresses the need for increased monitoring, regulation, and deterrence of criminal threats to critical infrastructure. The incident, also highlighted the challenges associated with unconventional threats that law enforcement and utilities are coping with in accepting their responsibility to protect the public. Authorities noted that in the aftermath of incidents, increased public awareness about the possibility for incidents to occur and subsequent reporting after incidents occur may help mitigate, and ultimately lessen harm to the wider community. Analysts underscore that, this incident is both a disturbing example of a emerging and ongoing threat and also a memento of the",
    "image": "/images/nashville-drone-attack.webp",
    "slug": "nashville-drone-power-substation-guilty",
    "date": "9th September 2025",
    "author":"Daniel Ruiz"

  },
  {
    "category": "business",
    "title": "Aroldis Chapman Signs $13.3 Million, 1-Year Deal With Boston Red Sox for 2026",
    "shortdescription": "Pitcher Aroldis Chapman agrees to a one-year contract with the Red Sox worth $13.3 million, securing his spot for the 2026 season.",
    "description": "TThe Boston Red Sox have signed veteran pitcher Aroldis Chapman to a one-year contract worth $13.3 million for the 2026 season. Chapman is notable for his fastball and capable closing role, which gives the Red Sox more finishing strength to the bullpen and late-ending situation. Several analysts believe this contract indicates the importance of experienced relief pitchers in the MLB today, especially for teams trying to field competitive rosters while meeting payroll at the same time. The report suggests Chapman can reduce volatile high-pressure moments, as the team tries to accomplish the championship they are aspiring to. In addition, this contract reflects MLB-wide salary trends with proven reliability and quality on a roster. There is some skepticism towards this strategy, as the game looks externally and across the league for managers who will balance both short-term wins against the daily preservation of individual value of the player, in the case Chapman can help demonstrate to others in the future that the Red Sox are a team that needs to be taken seriously in the future, both in terms of talent pedigree and the ability to pay its players. Ultimately, if Chapman can provide quality play, say through innings and credibility to playing and assisting to qualified stressful moments, it can deliver team confidence and optimism that a points chart will be developed in a future complex and external dollar-costed sense; acknowledging that winning takes precedent over all. Chapman returns to the Red Sox to further help pitch successfully, pending the effort of others, and whatever the team requires to further accentuate themselves, specifically through veteran experience; something fans hope could add to the qualities they can get with Chapman in the team's future.",
    "image": "/images/aroldis-chapman-red-sox-contract.webp",
    "slug": "aroldis-chapman-red-sox-2026-contract",
    "date": "9th September 2025",
    "author":"David Miller"

  },
  {
    "category": "business",
    "title": "U.S. Steel Halts Production at Illinois Plant Without Layoffs",
    "shortdescription": "U.S. Steel will stop processing steel slabs at Granite City Works in Illinois, but workers will not face layoffs following the production shift.",
    "description": "U.S. Steel has notified the stakeholders that it has stopped steel slab manufacturing at the Granite City Works site in Illinois temporarily. The company has communicated that there will not be any layoffs in respect to this production change, offering some level of comfort to the employees, while, at the same time, valuing job security. This announcement follows closely on the heels of Nippon Steel finalizing a major deal with former President Donald Trump to buy the American steelmaker, signaling perhaps some new operational changes will occur. Market participants note that temporary shut downs in production are typically part of larger programs to improve efficiencies, save costs, and respond to changes in demand, especially in the unpredictable steel market. Although the Granite City Works facility will be temporarily halting slab production, actions taken by U.S. Steel represent a calculated effort to keep employees and job security while re-engineering operations. Analysts note that having a consistent team during an organizational change helps solidify internal changes by capturing institutional knowledge, and maintains the company's identity in the marketplace. U.S. Steel could represent a case study to show the other manufacturers who may be undertaking production changes and be consciously trying to preserve the dignity of their employees.",
    "image": "/images/us-steel-illinois-plant.webp",
    "slug": "us-steel-illinois-plant-production-halt",
    "date": "9th September 2025",
    "author":"David Miller"

  },
  {
    "category": "business",
    "title": "NY Prosecutor Warns of More Raids After 57 Detained at Snack Bar Factory",
    "shortdescription": "The NTSB report describes how passengers were thrown around the cabin during a Delta flight encountering violent turbulence en route to Europe.",
    "description": "The U.S. federal authorities in New York apprehended 57 workers after raiding a snack bar factory in upstate New York. Prosecutors have stated that larger enforcement actions may be on the way! The enforcement action is part of a wider national strategy to ensure adherence to the legal obligations associated with utilizing the immigrant workforce. This has raised questions about Labor Force Management, Operational Control, and Compliance in food manufacturing. Experts have insisted that businesses need to be constantly engaged in robust Labor Practices, which means businesses must be using documentation, treating employees legally, and complying with Federal requirements in order to avoid liability and reputational risks. Analysts believe that these raids appears to be local events but cause broader repercussions as it concerns investor confidence, supply chain management, and operational plans. Moreover, it is a good reminder that compliance programs and regular audits can help businesses avoid violations, and get ready for enforcement actions. Law enforcement continues to investigate the facility, and businesses in other parts of the country are watching closely.",
    "image": "/images/ny-snack-bar-raid.webp",
    "slug": "ny-snack-bar-plant-raid-57-detained",
    "date": "9th September 2025",
    "author":"Daniel Ruiz"

  },
  {
    "category": "business",
    "title": "Katseye’s ‘Gap’ Ad Hits 400 Million Views in 3 Days – The Viral Success Story",
    "shortdescription": "Global girl group Katseye sees massive exposure as their advertisement ‘Gap’ reaches 400 million views in just three days.",
    "description": "Katseye, a worldwide girl group, has achieved remarkable worldwide visibility - whole it's many facets of publicity - after their 'Gap' ad went viral with over 400 million views in just three days. This rapid growth is indicative of successful marketing practices, social media acceleration, and a passionate fan commitment. Considerable excitement is generated by industry experts with this around viral campaigns like this have huge ripple effects that can enhance brand visibility, music streaming, – translate to merchandise sales, and potentially fuel concert business. Katseye's come-so-fast, comes down and shows that the audiance – where business fuctionation - becomes spectacular reach without loom. How does it help? The analysts suggest the viability of a value and 'here and now' aspect in their analysis of the 'Gap' ad's success applies 'without regret'. They validated and research support fostering social media trends into marketing with value – for artist and brands, allowing for fans, social media connection, and model whiel maximizing audience engagement. Ultimately, Katseye's case presents a context for viral and to maximize audiences and measurement incduced commercial intent. Even from just views, this case put Majestic Katseye on the world stage all the more validate the power of marketing based on entertainment and inspire future aspects of both artist and brand relevance on a grander scheme.",
    "image": "/images/katseye-gap-viral.webp",
    "slug": "katseye-gap-ad-viral-success",
    "date": "9th September 2025",
     "author":"Lauren Jacobs"
  },
  {
    "category": "business",
    "title": "CBS News Appoints Ombudsman With Expanded Role and Unique Background",
    "shortdescription": "CBS News names Kenneth Weinstein as its new ombudsman, with duties and a background that differ from traditional journalism definitions of the role..",
    "description": "CBS announced early this week Kenneth Weinstein has been named the new ombudsman for CBS News. Weinstein is responsible for consumer complaints, accountability, and transparency, including investigative oversight. Ombudsmen mostly focus on editorial type things--and in this respect, Weinstein's background and job description won't limit him to the standard journalism expectations. Media experts say the screen ascribes that CBS embraced ombudsman and all the responsibilities and meaning it is capable of have in a time where there is a very fast and constant flow of digital information (who ultimately can lead others to question their trust in information from news organizations). It should come as no surprise that broadcasting organizations (not just CBS News) are all trying to considered their area of journalism responsible while finding ways to engage their audiences (because audiences are demanding who can be more transparent and reliable). Analysts adapted ombudsman, along with investigative oversight and customers complaints, as something ones with Wheimstein's background were left outside the world of public accountability, and accountability in emerging organizational forms. New approaches to media oversight can also serve as prototypes or examples to news organizations who want to retain editorial accountability or integrity for others or themselves, who are increasingly demanding clearer, responsive, and reliable news information and trust will build in various news organizations.",
    "image": "/images/cbs-news-ombudsman.webp",
    "slug": "cbs-news-ombudsman-kenneth-weinstein",
    "date": "9th September 2025",
     "author":"Lauren Jacobs"

  }
]