[
  {
    "category": "innovation",
    "title": "Innovation Clusters in Emerging Markets: A Case Study Assessment",
    "shortdescription": "A look into the innovation ecosystems present in Africa, Southeast Asia, and Latin America and how they are developing into startup ecosystems.",
    "description": "Emerging markets are quickly establishing themselves as global hubs of innovation, to take advantage of their local circumstances that will only become more unique, their growing pool of available talent and entrepreneurial activities, and more access to technology. Lagos, Jakarta, and Sao Paulo, are quickly forming urban innovation clusters using entrepreneurial retail leveraging their local situations to potentially surpass entrepreneurs in developed economies. The hubs within Africa, in particular Nairobi and Lagos, thrive in doing fintech to focus on financial inclusion and mobile payment solutions with the support of incubation organizations, coworking spaces and local and state governments. The hubs in urban South East Asia, in particular Jakarta and Singapore, thrive on growth through e-commerce, health tech, and logistics, to form partnerships with regions to allow cross-country growth that provide new pathways to solve local challenges. The agricultural hubs with Latin America and their emerging markets like Sao Paulo and Mexico City develop fintech, edtech, and green tech has taken off as fast as they identify as hubs using their universities, incubators and community networks, while not forgetting to traverse their infrastructure and regulations. All in all, these centres of entrepreneurship redefine limited resources into scalable solutions, founders innovating as they solve local issues that have relevance to a wider global context. As outlined by the analysts in a recent paper, new clusters is a whole new model of supporting entrepreneurship to attract investment, knowledge transfer, and diversify emerging markets as key contributors to the global innovation ecosystem.  Experts further highlight that these hubs can inspire established economies by showing how innovation thrives under constraints and how collaborative, locally-rooted solutions can have global significance.",
    "image": "/images/innovation-clusters-in-emerging-markets.webp",
    "slug": "innovation-clusters-in-emerging-markets",
    "date": "10th September 2025",
    "author":"David Miller"

  },
  {
    "category": "innovation",
    "title": "How Technology is Reshaping Established Industries",
    "shortdescription": "Startups are developing technology based solutions to disrupt industries such as health, agriculture, and logistics.",
    "description": "In this age of technology disrupting traditional sectors, we are seeing favourable changes to adoption rates and efficiencies, innovation and the potential for better outcomes. Start-ups are leading on technology (AI, Internet of Things (IoT), blockchain, data analytics) to disrupt industries, such as health, agriculture and logistics (supply chain). In terms of health; health care has begun to get use to disruption with the advancement in technology through; AI-enabled diagnostics, telemedicine platforms, cloud-based patient management systems to increase access, reduce workflows and improve the standard of care. In agriculture; technology enabled solutions such as; real-time crop and livestock monitoring, predictive analytic capabilities and IoT-enabled irrigation system, continue to emerge to create effective, productive and strategic farming practices. In logistics, we are seeing the efficiencies of blockchain technology and transparency within their supply chains, autonomous delivery, the use of data to make better future decisions, all allowing for smooth operations and fewer delays. All of this illustrates how technology-driven disruption can improve traditional business models whilst offering entrepreneurs scalable and sustainable socially beneficial solutions. The entrepreneurs are leveraging their industry knowledge and latest technology, and engineered solutions that are not only addressing real-world everyday challenges, but also have the potential to enable equality in sector transformations for the long-term. Their efforts showcase how technology can be used to reposition an industry and a clearer representation of how we work together and value creation can diversify.",
    "image": "/images/how-technology-is-redefining-traditional-industries.webp",
    "slug": "how-technology-is-redefining-traditional-industries",
    "date": "10th September 2025",
    "author":"Daniel Ruiz"

  },
  {
    "category": "innovation",
    "title": "Underrepresented Entrepreneurs Catalyzing a Movement",
    "shortdescription": "Focusing on founders of color who are building innovative solutions and changing industries.",
    "description": "An unprecedented movement seems to be taking hold of a diverse group of entrepreneurs who are making waves in the business world; women, minorities, and first-time founders are innovating for women, minorities and underrepresented communities in multiple sectors in spite of the hurdles of access to capital and mentorship. Many have engaged in community networks, accelerators with a diversity lens, and alternative funding strategies to help mitigate the impact of underrepresented groups of founders. Already we are seeing examples of new value propositions emerge in fintech (women of color led fintech) are creating viable enterprise opportunities creating financial products, digital currency, and digital banks, to serve the underserved audiences, and even large group of Latin American founders building health tech to take digital health technology to rural communities. Industry insiders emphasize this as the next frontier - diversity in all of its forms has now become a strategic imperative, showcasing different perspectives and adaptability that provide enhanced viable for-profit outcomes. Recognizing that diversity can provide tipping points as emerging movement suggests to aspiring founders everywhere that inclusive entrepreneurship can equal resilience, sustainability and growth. As these qualified and capable founders build and grow their ventures, they are also reconstituting startup eco-systems; demonstrating humbly that there can be more than one point of view to achieve innovation. Their achievements bolster the notion of inclusion for all.",
    "image": "/images/underrepresented-entrepreneurs-driving-change.webp",
    "slug": "underrepresented-entrepreneurs-driving-change",
    "date": "10th September 2025",
    "author":"Daniel Ruiz"

  },
  {
    "category": "innovation",
    "title": "The Impact of Accelerators and Incubators in Building Ecosystems",
    "shortdescription": "How accelerators and incubators facilitate startup growth and innovation through mentorship, networks, and resources.",
    "description": "Accelerators and incubators play an integral role for startups looking to grow, providing them with structured support that can help take an idea to a scalable business. Although accelerators supply seed funding and connectivity to their investor networks, they also support the development of global innovation ecosystems by providing entrepreneurship based mentorship, advisory processes, and networking opportunities. Experts assert that accelerators assist entrepreneurs in refining their business models, pitch presentations, and a variety of partners and peer connection networks. Many accelerators and incubators also give access to office spaces, technology, and platforms for collaboration in order to promote iteration. Therefore your company grows faster. It is also important to recognize the wide-reaching impact of these accelerators and incubators. For example, we see startups based in urban hubs like Nairobi, Berlin, or Singapore taking their products beyond local markets into diverse global investors. Analysts emphasize that the embedding of founders into robust, globally interconnected networks may also be the real impact as these are networks with competitive advantages that persist. This type of networking promotes entrepreneurs to foster the power of innovative, outwardly-focused companies, therefore, promoting their local communities. These comparatively inexpensive pathways are key to shaping the future of entrepreneurship and innovation globally.",
    "image": "/images/building-ecosystems-role-of-accelerators-incubators.webp",
    "slug": "building-ecosystems-role-of-accelerators-and-incubators",
    "date": "10th September 2025",
    "author":"Daniel Ruiz"

  },
  {
    "category": "innovation",
    "title": "Global Startup Success Stories That Overcame the Odds to Scale",
    "shortdescription": "A look at inspiring stories of startups that scaled to success despite significant obstacles and what lessons entrepreneurs can learn from them.",
    "description": "Scaling a startup is not easy, however across the world there are countless organizations that have grown tremendously through this rigour with license to operate potentially impossible circumstances.  Their stories show how the combination of resilience, innovation and execution against a company's plan can enable an organization to convert dire challenge into a viable business opportunity, which is an important takeaway for all founders and investors. For example, in Africa a fintech disruptor emerged that changed mobile payments in structures with little infrastructure to begin with - so disruptive innovation can happen in the most unexpected of places. In Southeast Asia one of the largest e-commerce companies of all time emerged by defining their operating model around local consumer behaviours and leveraging technology to improve logistics. In Latin America a health tech startup grew on a regional scale but inadvertently chose to launch as a partnership with governments and local organizations. Analysts conclude there were common elements of achieving success investors want to see achieved with an investment; namely, agile operations, clever people/team, user insights and the ability to shift pivots in an evolving market. Collectively, those companies suggest a common thread of 'unyielding tenacity', strategic planning and problem solving ability enabled startups to respond to significant challenges in scaling their market position, towards achieving sustainable growth. Analysts also suggest that building innovation ecosystems, mentorship, and capital opportunities is a critical success factor in scaling for new startups researching their growth globally, and they provide valuable inspiration and actionable tradecraft for aspiring entrepreneurs to scale in competitive environments even if faced with similar challenges.",
    "image": "/images/global-success-stories-startups-that-scaled-against-the-odds.webp",
    "slug": "global-success-stories-startups-that-scaled-against-the-odds",
    "date": "10th September 2025",
    "author":"David Miller"

  },
  {
    "category": "innovation",
    "title": "Significant Advances in Fusion Energy with Super Conductor Tapes, and Its Directional Properties",
    "shortdescription": "Advances in superconductor tapes are accelerating the research into fusion energy - making it practical and achievable.",
    "description": "Superconductor tapes are a major plus in fusion energy specifically due to its ability to carry electrical current with extremely minor resistivity. Superconductor tapes make it possible for larger magnetic fields to transmit, which contain the high temperature plasma flows necessary for nuclear fusion to occur. Many recent improvements have been made to the performance, durability, and cost of superconductor tapes, which increases the possibility of putting functioning fusion reactors in use and commercializing fusion energy. In addition to the performance and durability improvements of superconducting material, the ability to generate stronger and more stable magnetic fields over smaller areas ultimately leads to lower operational costs and space constraints for large scale energy generation projects. New developments in material science, such as these, will become central for the collaboration and creation of clean energy technologies, and experts feel that if we (the community en masse) overcome the remaining individual engineering challenges, we will soon be able to turn towards safe, sustainable and near limitless energy, and a transformed global energy makeup.",
    "image": "/images/superconducting-tapes-fusion.webp",
    "slug": "superconducting-tapes-leap-fusion-energy",
    "date": "8th September 2025",
    "author":"Daniel Ruiz"

  },
  {
    "category": "innovation",
    "title": "Why the European Hydrogen Bank is More Than Just a Subsidy",
    "shortdescription": "The European Hydrogen Bank is heralding the large-scale deployment of hydrogen while building a sustainable clean energy ecosystem across Europe.",
    "description": "The European Hydrogen Bank is behaving as one of key building blocks in Europe’s clean energy vision, founded to do more than just fund hydrogen technologies; it enables hydrogen technologies to grow at the speed and scale necessary for market-making. The initial conception of the bank was established as a subsidy program but as trends in the recovery of hydrogen sector took hold, it is now positioned to support hydrogen infrastructure development, technology to scale up innovation, and market-building low-carbon hydrogen technology supply and demand.  Beyond financing, it supports the establishment of a hydrogen ecosystem that links up relevant hydrogen activity on production, user development and market development.  Analysts describe this project as an example of a multi-stakeholder approach that could help speed Europe away from hydrocarbons, diminishing reliance on fossil fuels, and creating sustainable employment opportunities. The EU Hydrogen Bank initiative also carries the ambition of taking Europe into a position to establish global leadership in terms of clean energy in relation to international hydrogen markets and the environment, and will help harmonize standards and industry adoption of hydrogen technologies.  By offering strategic investment, by forming public-private alignments, and by offering an innovation-research program, the EU Hydrogen Bank can demonstrate that how coordinated approaches, motivational support, and financial interventions , can help create jobs, improve energy security, and promote environmental sustainability. Experts also note how this It could also be a template for future projects of energy transitions in other parts of the world since it showcases an integrated funding, technological and policy bundle to achieve much faster transitions of societies to low-carbon energy systems .",
    "image": "/images/european-hydrogen-bank.webp",
    "slug": "european-hydrogen-bank-more-than-subsidy",
    "date": "8th September 2025",
    "author":"Lauren Jacobs"
  },
  {
    "category": "innovation",
    "title": "Scientists Create Carbon Dioxide Capture Material from Plastic Waste",
    "shortdescription": "Researchers have created a method to convert plastic waste into materials that can capture CO2 very efficiently, while simultaneously tackling two key environmental problems.",
    "description": "A group of researchers has developed a method to repurpose plastic waste into high-performance materials that can efficiently capture and stabilize carbon dioxide (CO2) for a long time. This innovation will address plastic pollution and greenhouse gases, transforming a hazardous waste material into a useful asset for addressing climate change. The carbon capture materials captured most of the CO2 well beyond performance stability at industrial (or elevated) CO2 concentrations ment than they would encounter in natural environments with reduced CO2 concentrations for certain applications. Experts believe if this solution is scaled properly, it could dramatically alleviate CO2 gas levels in our atmosphere while not allowing waste plastic to be deposited into oceans or landfills.",
    "image": "/images/plastic-co2-capture.webp",
    "slug": "plastic-waste-co2-capture-materials",
    "date": "8th September 2025",
    "author":"Lauren Jacobs"
  },
  {
    "category": "innovation",
    "title": "Hubble Telescope Reveals Characteristics of Interesting Spiral Galaxy",
    "shortdescription": "New results from Hubble Space Telescope observations describe an interesting spiral galaxy's structure and properties.",
    "description": "Scientists using the Hubble Space Telescope have confirmed new details on a beautiful spiral galaxy. The new observations disclosed unknown information about its shape, structure, and composition. Furthermore, Hubble's observations detected exquisite detail of the original sculptural arms of the galaxy, including where new stars are born and the rich, complicated distribution of interstellar matter. The new data provided details about the presence of both bright young stars, as well as older progenitors. This aided scientists in understanding the evolutionary history of this galaxy. The observations also produced information about the patterns of gas and dust that described the dynamical and rotational states of the galaxy. Most especially, the study provided scientists with more knowledge about the formation and growth of spiral galaxies, and how these structures influence star formation. This beautiful spiral galaxy, which looks similar to many galaxies, will help inform astronomers' models of the formation of galaxies in specific environments, and improve our understanding of the process of forming galaxies, and how they form structures that constantly reshape our universe. These observations are part of Hubble's larger mission of studying the universe over the last nearly three decades.",
    "image": "/images/hubble-spiral-galaxy.webp",
    "slug": "hubble-spiral-galaxy-properties",
    "date": "8th September 2025",
    "author":"Daniel Ruiz"

  },
  {
    "category": "innovation",
    "title": "ALMA Reveals Unveiled Star Formation Processes in a Remote Part of the Milky Way",
    "shortdescription": "ALMA has provided new insights into star formation in a remote region of our galaxy.",
    "description": "Astronomers, which includes scientists on the Atacama Large Millimeter/submillimeter Array (ALMA), made a new discovery regarding star formation in the Milky Way galaxy. The astronomers focused on dense molecular clouds, the basic sites for star formation, and collected high-resolution images of the structural complexities of the gas and dust. Scientists, using ALMA's sensitivity, were able to examine the dense molecular gas that exhibited dynamics motions collaping to form a protostar. This research revealed that stars form in clusters rather than as single stars and that they are always interacting with other stars, thus the neighboring gas and dust is being affected. This research reveals important clues to how the star evolutionary timeline is developing in the Milky Way and will aid in research studying star formation in other galaxies. Experts agree that this work is an enormous leap forward in astrophysics and illustrates ALMA's ability to probe the earliest and most elusive parts of stellar evolution. Choosing to study star formation is not only critical for understanding the formation of galaxies but also helps us to understand the origins of planetary systems, and to illustrate the complicated interactions involved in the building of galactic structure. We believe that continued monitoring will broaden our perspective of the Universe, will refine star and galaxy formation theories, and will develop even more research in astrophysics.",
    "image": "/images/alma-star-formation.webp",
    "slug": "alma-star-formation-milky-way",
    "date": "8th September 2025",
    "author":"David Miller"

  },
  {
    "category": "innovation",
    "title": "Solar Flares Are Six Times Hotter Than Previously Believed, Finally Solving 50-Year Problem",
    "shortdescription": "Recent research finds solar flares much hotter than previously thought, a significant advancement that solves a decades-old solar physics mystery.",
    "description": "Scientists have confirmed that solar flares are much hotter than previously thought, being at least six times hotter than previously thought, making a great breakthrough in solar physics, resolving a mystery that has lasted for over 50 years on how the corona - the outer layer of the Sun’s atmosphere is getting heat at such extreme levels. So understanding solar flares is of a massive scientific importance and a significant practical relevance, just as solar flares are also very powerful bursts of energy that can interfere with satellite communications, disrupt power grids and change the accuracy of forecasts for space weather. The study also makes a contribution to understanding good physics of plasma, plasma physics, and magnetic fields which are important, not just to the Sun, but all stars in the universe. Professional scientific reviewers regard this finding as a significant benchmark in the study of space, with ramifications for astrophysics as well as solar-terrestrial phenomena and Earth's vulnerability in terms of technology. The study also reiterates the importance of ongoing real-time observations of solar activity using more powerful observatories and space-based telescopes and satellites. By investigating these superheating solar occurrence events, the aim is to improve warning systems that protect critical technologies, deepen knowledge of how other stellar bodies behave, and develop models to help mitigate problems with these solar events. This finding will guide future studies, add to existing space weather models, and create an updated approach for protecting technological systems from being affected by solar events.",
    "image": "/images/solar-flares-hotter.webp",
    "slug": "solar-flares-hotter-50-year-mystery",
    "date": "8th September 2025",
    "author":"Lauren Jacobs"
  },
  {
    "category": "innovation",
    "title": "Webb Telescope Identifies Atmosphere on Possibly Habitable Exoplanet TRAPPIST-1e",
    "shortdescription": "NASA's James Webb Space Telescope has observed indications of an atmosphere on TRAPPIST-1e, which is considered a potentially habitable exoplanet. ",
    "description": "The James Webb Space Telescope has found signs of an atmosphere on TRAPPIST-1e, one of the most promising exoplanets in the search for extraterrestrial life. TRAPPIST-1e is located approximately 40 light-years from Earth, and is considered an excellent candidate for habitability due to its Earth-like size and rocky composition and because it has an orbit in its star's habitable zone. The detection of atmospheric elements will allow scientists to investigate the climate of the planet, the possibility of water, and whether the planet is habitable for life. Researchers expect follow-up observations will provide additional detail to characterize the planet's chemical composition, including its potential weather and biosignatures. This finding improves knowledge of exoplanet atmospheres and gives astronomers the ability to contrast TRAPPIST-1e's atmosphere with that of Earth and the other planets in the TRAPPIST-1 system. Experts believe studying the atmospheres of nearby exoplanets is critical to determine if they can sustain life, as well as planning future exploratory missions. The results underscore the Webb Telescope's far-reaching ability to investigate distant worlds, broaden understanding of planetary systems, and encourage further inquiry about the origins and distribution of life in our universe. In addition, this discovery is anticipated to inform future missions targeting atmospheric characterization and may remain central to a search for technologically advanced civilizations, thereby securing TRAPPIST-1e as a focus of astrobiology research.",
    "image": "/images/trappist-1e-atmosphere.webp",
    "slug": "webb-telescope-trappist-1e-atmosphere",
    "date": "10th September 2025",
    "author":"Daniel Ruiz"

  },
  {
    "category": "innovation",
    "title": "ERC Grants 2025: €761 Million Investment in 478 Early-Career Researchers",
    "shortdescription": "The European Research Council has made a significant investment of €761 million in 478 early-career researchers across a variety of scientific disciplines.",
    "description": "The European Research Council (ERC) has announced its 2025 funding round, providing €761 million to give 478 early-career researchers a chance, with ERC grants being some of the best in Europe and research is an integral part of the arts and humanities, life sciences, physical sciences, social sciences, and engineering. ERC grants allow the researcher to exploit their ideas. These grants should focus the researcher's mind to realize their project and foster scientific excellence. The ERC wants to support young scientists in Europe to develop ambitious ideas and consolidate Europe's position as a global hub for transformative research.During the interviews, representatives noted that these investments will not only allow for transformative research but will also allow for collaboration, mentorship, and the education of next generation research leaders. Experts noted that ERC funding is critical for growing scientific talent, accelerating technological development, and supporting innovation in health care, sustainability, and industry. By supporting early- and mid-career scientists and researchers, the ERC is also helping to secure an innovative pipeline of individuals to help address global challenges, and to increase Europe's competitiveness in the global marketplace. In a similar vein, the initiative also promotes new cross-border research networks, allowing scientists to share and pool knowledge and resources to other research institutions. At the same time, the ERC aims to promote inclusiveness and diversity in science by providing broader access to research funding in Europe, and creating opportunities for a more diverse selection of teams of researchers. Taken together, these efforts show the continent's commitment to continue on its science and knowledge journey engaged with society for the common good.",
    "image": "/images/erc-grants-2025.webp",
    "slug": "erc-grants-2025-early-career-researchers",
    "date": "8th September 2025",
    "author":"Lauren Jacobs"
  },
  {
    "category": "innovation",
    "title": "UK Launches Horizon Europe Campaign in Germany and Spain",
    "shortdescription": "The UK is promoting its part in Horizon Europe in Spain and Germany to boost research collaborative activity and innovation partnerships.  ",
    "description": "The United Kingdom is initiating a project to reinforce UK involvement in Horizon Europe in Spain and Germany to facilitate cross-border connections in research and innovation. The intent is to bring together universities, research organizations, and businesses into joint projects in science and technology and collaboration in innovation. Officials revealed that the program intends to mobilize knowledge transfer, stimulate the emergence of new technologies, and create innovation networks across Europe. The campaign has been conceptualized to mobilize a number of important European partners due to the realization that the UK seeks to maintain its competitive edge in research while demonstrating it wishes to respond to scientific and technology challenges through a more global context, Analysts suggest that these campaigns represent an opportunity to reinforce international collaboration and provide additional opportunities for researchers to access funding in their projects which create an opportunity for the movement of knowledge and expertise between nations. The campaign also fits into the UK government's newly identified priority to lead on innovation within Europe, but to also facilitate authentic scientific discovery. ",
    "image": "/images/uk-horizon-europe-campaign.webp",
    "slug": "uk-horizon-europe-spain-germany",
    "date": "3rd September 2025",
    "author":"Lauren Jacobs"
  },
  {
    "category": "innovation",
    "title": "General Atomics Delivers a Manufacturing Center of Excellence to Mississippi’s Governor",
    "shortdescription": "General Atomics opened its Manufacturing Center of Excellence to Mississippi’s governor to demonstrate the advanced manufacturing capabilities and innovation taking place. ",
    "description": "General Atomics Electromagnetic Systems (GA-EMS) welcomed Governor Tate Reeves at its Manufacturing Center of Excellence in Tupelo, highlighting the opportunity for Mississippi to expand its advanced manufacturing and national defense footprint. During the visit the governor discussed high-tech job growth, public-private partnerships in education and workforce development, and the state's strategic relationship to the defense and technology sectors, with GA veterans in the industry. The Tupelo facility has more than 750,000 square feet supporting next generation maritime and undersea systems, nuclear power, and precision-guided systems such as Bullseye™, under development in a second location in Iuka.  The facility is also able to take on hypersonics, directed energy, and space based missile tracking capabilities.   The governor talked about growing innovation-based industries in an emphasis of a next-generation workforce, while GA-EMS executives reiterated their commitment to building resilient, world-class production capabilities, potentially creating hundreds of high-tech jobs and hands-on training for the local workforce and creating value for the state in economic development. Their collaboration efforts with both universities and research institutions will accelerate technology transfer and innovation. Officials noted the center's prospects for attracting additional investments while continuing to position Mississippi as a national defense manufacturing hub.  The tour also feature demonstrations of capabilities.",
    "image": "/images/general-atomics-manufacturing-center.webp",
    "slug": "general-atomics-manufacturing-center-mississippi",
    "date": "10th September 2025",
    "author":"Daniel Ruiz"

  },
  {
    "category": "innovation",
    "title": "Reviving Roots: Shaping Treatment for Pulmonary Hypertension",
    "shortdescription": "Recent innovations are changing the face of pulmonary hypertension treatment and improving the trajectory of disease outcomes, overall survival, and quality of life.",
    "description": "Researchers and clinicians are discovering new ways to think about pulmonary hypertension, a complex disease process of elevated blood pressure in the arteries of the lungs that can ultimately lead to heart failure. No longer are we simply pushing drugs that ameliorate symptoms, we are looking for the original cause of the condition now and finding therapies that target specific biological pathways which further add to improved vascular function and wellness. Advanced diagnostic processes, individualized plans that build on integrated approaches, new drug delivery systems, advanced clinical assessments, and overall improved understanding of the disease have altered the approach to pulmonary hypertension disease management. New clinical trials show positive results related to better exercise capacity, a reduction of the hospitalization burden, and improved long-term prognosis overall. Digital health, remote monitoring, and patient-centric programs have also helped improve daily care. Patients are empowered to take more ownership of their treatment and goals now, with many options available. Most experts agree that the prevention of complications and a decrease in overall morbidity and mortality can happen when early disease detection and education is coupled with next-generation therapies that take into account a person's background, clinical and socio-economic systems. It is vital to characterize test trials that include clients from different international regions and innovative doctors willing to invest their time sharing knowledge and maintaining a collective goal of achieving a step forward in the cardiopulmonary care of patients all over.",
    "image": "/images/pulmonary-hypertension-treatment.webp",
    "slug": "restoring-roots-pulmonary-hypertension-treatment",
    "date": "10th September 2025",
    "author":"David Miller"

  },
  {
    "category": "innovation",
    "title": "Research Shows Significant Global Disparities in Cancer Research Funding",
    "shortdescription": "A recent study by the University of Southampton has found a notable disparity in areas of cancer research funding, which can vary greatly by country and region.",
    "description": "The study shows that while the majority of funding for cancer research globally comes from high-income countries, many low- and middle-income countries have a greater burden of disease yet are extremely underfunded in cancer research. Additionally, funding disparities have implications for limiting innovation, slowing progress for new targeted treatments and increasing the gaps in patient outcomes between regions. These disparities are concerning for researchers as they suggest that there will need to be more equitable university funding resources allocated to address disparities in cancer care and allow populations to benefit from advances in cancer prevention, diagnosis, and therapy. Additional researchers suggest a fair distribution of funding and resources, rather than concentrations of research, in one region may mean that locally relevant research can enhance cancer care in many more under-represented-geographies, and furthermore contribute to a more equitable global research environment allowing for access and application of research across the globe.",
    "image": "/images/cancer-research-funding-inequality.webp",
    "slug": "global-cancer-research-funding-inequalities",
    "date": "10th September 2025",
    "author":"Lauren Jacobs"
  },
  {
    "category": "innovation",
    "title": "Beyond the Barn: Rethinking Methane Emissions in the Global Food System",
    "shortdescription": "New research examines food systems’ methane emissions, so we can create a more sustainable global food system.",
    "description": "A wave of research has surfaced about the contribution of agriculture to methane emissions, one of the more potent greenhouse gases. The emissions are from livestock and every step of their production continuum. Scientists and policymakers increasingly are looking at ways to mitigate climate impacts in the livestock production system and are turning to an array of solutions. Some possible solutions include introducing methane-suppressing feed additives; changing livestock diets; rethinking manure management systems; and asking people to consider alternative protein sources. To adequately mitigate methane emissions that help achieve global climate goals, experts say we will need solutions at every link in the food system without compromising global food systems. As the analysts reported, the results highlighted agriculture's climate mitigation potential not only as an emissions source but as a critical lever in the fight against climate change and emphasize the significance of aligning food security and environmental sustainability.",
    "image": "/images/methane-emissions-food-system.webp",
    "slug": "rethinking-methane-emissions-global-food-system",
    "date": "10th September 2025",
    "author":"Daniel Ruiz"

  },
  {
    "category": "innovation",
    "title": "Kunming Manifesto Calls for Agrobiodiversity to Transform Food Systems",
    "shortdescription": "The Kunming Manifesto recognizes the need for agrobiodiversity to help build resilient, sustainable and fair food systems globally.",
    "description": "The Kunming Manifesto proposes to conducting with agrobiodiversity when it comes to food production, and this is the foundation that will help resolve climate issues and with securing long-term food access. The Kunming Manifesto promotes the assertion that with the diversity of crops and animal breeds we can rely less on monoculture practices, safeguard ecosystems, and create a level of climate resilience. Advocates suggest that in changing future food systems, increase both plants and farm animals genetic diversity is limited when considering countries sustainable agricultural practices and conservation programs which might vary significantly. The Kunming manifesto calls for governments, researchers, and farming communities all working collectively to enact systemic change in agriculture. Observers refer to the proposal as not only improving environmental sustainability but also creating equitable food systems on a global scale, and to prepare the world’s food systems, as climate continues to change and demands will evolve.",
    "image": "/images/kunming-manifesto-agrobiodiversity.webp",
    "slug": "kunming-manifesto-agrobiodiversity-food-systems",
    "date": "10th September 2025",
    "author":"Lauren Jacobs"
  },
  {
    "category": "innovation",
    "title": "2025 Performance Report by WNA: Evaluating the nuclear energy sector",
    "shortdescription": "The World Nuclear Association's 2025 report is an analysis on global nuclear energy performance, trends, and prospects.",
    "description": "The World Nuclear Association (WNA) has published its 2025 Performance Report which is a comprehensive analysis of the way that the sector is evolving across the globe. Each report contains comparisons of electricity generation trends, safety and regulatory requirements, technological advances, and financial investment patterns impacting the industry. The report findings, while emphasizing the potential for the sector to be a stable, low carbon energy pathway, also emphasized challenges of the age of plants, managing reputational and other public issues and cooperation with the nuclear sector in broader clean energy strategies. Industry experts indicate the insights will provide valuable direction to those charged with defining climate policies, investing in capacity, and ultimately deploying that capacity. As nuclear energy emerges as a major contributor to decarbonization, WNA's report of situating the industry in context will inform decisions. WNA anticipates this report will directly influence strategic choices that shape the sector's evolution for decades to come.",
    "image": "/images/wna-2025-performance-report.webp",
    "slug": "wna-2025-nuclear-energy-assessment",
    "date": "4th September 2025",
    "author":"Lauren Jacobs"
  },
  {
    "category": "innovation",
    "title": "PROJECT H2SHIFT: Accelerating Innovation in Hydrogen Production",
    "shortdescription": "PROJECT H2SHIFT accelerates innovation in hydrogen production through open innovation and initiatives that accelerate our clean energy transition.",
    "description": "In a bid to fast-track breakthroughs in sustainable hydrogen technology, PROJECT H2SHIFT is supporting an open innovation process among researchers, startups and innovators that are all addressing one of our biggest clean energy challenges. PROJECT H2SHIFT is capitalizing on the uncertainty around hydrogen to provide participants open-access scalable low-cost solutions and create pathways to harness hydrogen as a viable alternative to fossil fuels anywhere in the world. H2SHIFT is keen to facilitate cross-sector partnerships and develop systems features to share knowledge openly, as the project anticipates distributor and economic challenges associated with hydrogen production will be overcome. People's supporters and endorsers of H2SHIFT recognize that this is not only significant for achieving major climate targets, but it also greatly contributes to energy security and the pursuit of long-term innovation in the renewable energy sector. Analysts expect hydrogen will be uplifted as a key pillar in the clean energy transition, and initiatives like PROJECT H2SHIFT will play a key role in the re-imagining of the energy transition worldwide.",
    "image": "/images/project-h2shift-hydrogen.webp",
    "slug": "project-h2shift-hydrogen-innovation",
    "date": "4th September 2025",
    "author":"David Miller"

  },
  {
    "category": "innovation",
    "title": "Biometric Payments and Cybersecurity: Are Fingerprints the New Credit Card Numbers?",
    "shortdescription": "As biometric payments become more common, experts are looking closer at their security risks, as well as whether fingerprints could represent a replacement for traditional credit card data.",
    "description": "The growing adoption of biometric authentication - from fingerprints to facial recognition - will fundamentally change digital transactions and the way consumers will interact with financial institutions. While lenders and financial institutions are highlighting speed and ease of use as clear benefits, cyber security experts however point out the permanence of biometric identification exposes users to different risks. The main distinction between biometric identifiers and credit card numbers, is that breaches in credit card numbers can have revisions, but in the case of biometric identifiers, it cannot be revised - thus any breach of a biometric identifier is an irrecoverable breach. These discussions are further inflamed, as increasing risk intensifies the debate on what level and type of protections need to be in place to safeguard users by regulators banks and tech companies currently. Analysts propose strong encryption, improved levels of fraud detection, with a emphasis on laws and regulations, as relative 'early adopters' of biometric payments would have more than quickly addressed these elements relating to the historical context of previous financial systems. As biometric payments gain momentum the discussion on privacy versus innovation seems destined to frame whether fingerprints become the new credit card numbers in global finance.",
    "image": "/images/biometric-payments-cybersecurity.webp",
    "slug": "biometric-payments-cybersecurity-fingerprints",
    "date": "8th September 2025",
    "author":"Daniel Ruiz"

  },
  {
    "category": "innovation",
    "title": "JUPITER Supercomputer Gears Europe Up for Exascale Computing",
    "shortdescription": "JUPITER, Europe's new supercomputer, indicates the transition to exascale computing for the purposes of advanced research and innovation.",
    "description": "Europe is at the forefront of exascale computing with its JUPITER supercomputer. With the new computing capabilities it offers, researchers will be able to conduct calculations, calculations at a scale and at a speeds not possible in the past. This is a leap and disruption that is truly out of the ordinary and will create positive ripple effects across many impactful areas such as climate modelling, artificial intelligence, material sciences, and genomics. Using the vast amount of exascale capabilities offered by JUPITER, scientists will be able to carry out complex simulations the scientific community previously could not do and expedite discoveries more quickly along many fronts.  Experts in the field argued that for Europe to remain competitive at the cutting edge of technology and to provide solutions to global scientific and industrial challenges, it needs to embrace developments in high-performance computing and exascale systems like JUPITER. Officials added that the investment in high-performance computing is important not only because it enables new frontiers of research capability, but also fosters innovation ecosystems, bolsters industry competitiveness, and also a sustainable scientific future.",
    "image": "/images/jupiter-supercomputer-exascale.webp",
    "slug": "jupiter-supercomputer-europe-exascale",
    "date": "5th September 2025",
    "author":"David Miller"

  }
]