[
  {
    "category": "investing",
    "title": "The Pros and Cons of Equity Crowdfunding",
    "shortdescription": "Equity crowdfunding opens new doors for startups to raise capital—but it also comes with risks that both founders and investors need to weigh carefully.",
    "description": "Equity crowdfunding has significantly altered the funding landscape; it enables startups to seek funding from ordinary investors instead of only relying on institutional investors, such as venture capitalists. For budding founders, it can look like an appealing option, but like anything, it comes with benefits and disadvantages. The benefits provided by crowdfunding include access to more supporters, fundraising that doubles as marketing (as the campaign tends to create some hype and you may attract early customers who feel a sense of literal ownership in your success), and access to capital for entrepreneurs who might otherwise access limited funds if not located in a startup mecca. The disadvantages include that it requires time to manage, legal effort, and costs upfront to put the entire crowdfunding process together; by its very nature you will have many small investors on your cap table when you were used to only a few institutional or individual investors—this will complicate governance and possibly fundraising down the line; there is a risk of competitor ideas popping up when you perceived you had a few more months to protect your idea, etc. From the standpoint of investors, equity crowdfunding presents opportunities to support interesting companies in the early stages, but also has the usual consequences of investing in startups—loss of original investment opportunity; although failure rates in venture capital will vary, many startups will fail, plus the obvious limitation of bad liquidity in the exit markets since you cannot simply trade your shares on an exchange like when holding stock in a public company, which should be considered when thinking about private investment versus an exchange or constantly traded.",
    "image": "/images/the-pros-and-cons-of-equity-crowdfunding.webp",
    "slug": "the-pros-and-cons-of-equity-crowdfunding",
    "date": "10th September 2025",
    "author":"David Miller"

  },
  {
    "category": "investing",
    "title": "What Investors Really Want in a Pitch Deck",
    "shortdescription": "Venture capitalists share what they look for in pitch decks, and what startup founders can do to stand out in the funding conversation.",
    "description": "A pitch deck can open doors—or close them fast. Yet many startup founders continue to stumble, according to venture capitalists, who argue that the best decks aren’t slick design projects but clear, focused stories. The first thing investors look for is the problem. “If we don’t know why the problem matters, the rest of the pitch falls flat,” one VC noted. Startups that frame the pain point well set themselves up to explain how their product or service offers a unique solution. From there, the conversation turns to market opportunity. Investors want proof that the idea isn’t just clever—it’s scalable. That means spelling out the size of the market, the pace of growth, and how the company can carve out space against competitors. Traction, even at an early stage, is a powerful signal. Evidence of customer adoption, a pilot program, or even a signed partnership can outweigh lofty promises. “Concrete execution is more convincing than a spreadsheet full of projections,” another investor said. Founders themselves can make or break the deal. More than one VC has said the slide they study hardest isn’t about revenue or product—it’s the team. Do the founders have the right mix of skills? More importantly, do they have the grit to push through when things get messy? Financials come up, of course, but investors usually roll their eyes at glossy projections. What matters more is whether the numbers feel grounded. A simple, believable path to revenue carries far more weight than a chart that shoots up and to the right with no explanation. If there’s a single thread across successful decks, VCs say, it’s simplicity. “The best ones get to the point and make us curious to learn more,” said one investor. For founders, the takeaway is simple: a good pitch deck isn’t a script. It’s a narrative that frames the conversation—and leaves space for questions.",
    "image": "/images/what-investors-really-expect-in-a-pitch-deck.webp",
    "slug": "what-investors-really-expect-in-a-pitch-deck",
    "date": "10th September 2025",
    "author":"Daniel Ruiz"

  },
  {
    "category": "investing",
    "title": "Financial Projections that Build Trust Without Confusion",
    "shortdescription": "A tactical guide for founders to build their financial projections, focusing on how to demonstrate credibility and potential rather than overwhelm investors.",
    "description": "Financial projections play a significant role in any pitch to an investor, but they can feel daunting for first-time founders. Your objective is not to deliver spot-on predictions, but rather to tell a plausible story about how your business can grow. Start with sensible assumptions. Don't make wild guesses about market size, conversion rates, or pricing! Your numbers should be based on research, similar companies, or early customer activity. Informing investors of your assumptions will not only show integrity, it will build trust. Be simple. Most investors recognize that three to five year projections are unrealistic, and simply want to see where future revenues come from. A simple summary of revenues, expenses, and key metrics like customer acquisition cost and gross margin is all most investors want to see—the less detail, the better. Clarity is much more convincing than complexity. Show different scenarios. Generally, it is useful to show a base case, a conservative case, and a best-case. This process demonstrates you have considered risk and the way in which your business will respond to different market scenarios.Clearly explain your numbers. When making a pitch to investors, walk them through the logic of your projections and be ready to answer questions about how you derived each number out. Understand, not memorize, is the basis for confidence. Finally, use projections to tell a story and not just present a bunch of numbers; numbers should convey the incredible potential of your business and the real impact of important decisions. Financial projections, when done effectively, allow the discussion to shift from uncertainty to opportunity. In the words of one veteran VC:  A solid projection is not about being right; it’s about demonstrating an understanding of your business and having a plan for growing it. If founders can do that, we listen. By carefully considering financials, founders can better use the numbers as persuasive tools rather than confuse or deter investors.",
    "image": "/images/financial-projections-that-convince-not-confuse.webp",
    "slug": "financial-projections-that-convince-not-confuse",
    "date": "10th September 2025",
    "author":"Lauren Jacobs"
  },
  {
    "category": "investing",
    "title": "2025 Venture Capital Trends: Where Investors Are Putting Their Money",
    "shortdescription": "This is about the changing face of venture capital. It highlights which sectors or opportunities are getting attention and thought around funding.",
    "description": "Venture capital is always changing — funding priorities shift with market trends, technological evolution and changes in the global economy. One way for founders to understand venture capital trends is by observing the trends themselves, and only then transforming theirs businesses so that they can have the right conversations. One trend that is hard to ignore is the trend toward sustainable and climate-oriented investing. Startups in waste diversion, clean energy production, circular economy solutions and environmental technology are accessing investment capital from investors focused on feelings of well-being and, in many cases, addressing climate change in like to achieving market returns. Healthcare and biotech also remain robust verticals, especially with continuing innovation in digital health, telehealth and personalized medicine. Investors are investing in companies that can mitigate disruption, and rather than promising new ideas, they want companies that can produce or demonstrate positive outcomes. Geographical diversification is another emerging trend. Silicon Valley still reigns supreme, but venture capital is moving into new markets in Asia, Africa, and Latin America. These markets have less competition and a lot more white space, but founders must show how they can scale and can forecast how their product fits the local ecosystem. Another trend is the emphasis on committing money to early-stage and higher-risk fundings, primarily around AI, blockchain, and deep tech. VCs are motivated to back teams with strong visionary ideas, as long as the team can articulate those ideas into practicable next steps. Founders must stay on top of these trends. Finding a way to get your startup aligned with the sectors investors are putting money into increases your chance of engagement, but at the same time, you don't want to be swayed by trends and markets. Focus on building your business. One venture capitalist told me, Trends are important, but execution wins. Investors are interested in where the market is headed, but they only bet on teams that can provide the path to solve for uncertainty and get the best results.",
    "image": "/images/venture-capital-trends-to-watch-this-year.webp",
    "slug": "venture-capital-trends-to-watch-this-year",
    "date": "10th September 2025",
    "author":"Lauren Jacobs"
  },
  
  {
    "category": "investing",
    "title": "Cautionary Tales: When Startups Burn Through Cash Too Fast",
    "shortdescription": "Insights from startups that raise capital but mismanaged resources, emphasizing disciplined growth and financial discipline.",
     "description": "Raising capital can be exhilarating, but without disciplined management, even well-funded startups can quickly find themselves in trouble. Many high-profile failures stem not from a lack of ideas but from poor cash management and uncontrolled spending. One common mistake is overhiring before product-market fit. Startups sometimes scale teams too quickly, leading to high burn rates without the revenue to sustain them. Another frequent issue is overspending on marketing or office space, assuming that raising another funding round will always be possible. Founders also stumble when they expand into new markets too aggressively. Launching in multiple regions simultaneously can be appealing, but it often leads to operational strain and financial stress if customer traction is uneven. Several failed startups illustrate the danger of ignoring early warning signs. For example, companies that doubled headcount while revenue lagged found themselves in a liquidity crunch, ultimately losing both investor confidence and operational flexibility. Venture capitalists stress that prudence is just as important as ambition. Maintaining clear financial models, tracking burn rate meticulously, and aligning spending with milestones helps prevent founders from running out of runway prematurely. As one experienced investor put it: “Raising a big round doesn’t guarantee success. It just gives you the responsibility to manage it wisely. The startups that survive are the ones who treat capital as a tool, not a cushion.” For founders, these cautionary tales serve as a reminder that disciplined execution often outweighs flashy growth strategies.",
    "image": "/images/cautionary-tales-when-startups-burn-through-cash-too-fast.webp",
    "slug": "cautionary-tales-when-startups-burn-through-cash-too-fast",
    "date": "10th September 2025",
    "author":"Daniel Ruiz"

  },
  {
    "category": "investing",
    "title": "Swedish Government Announces $747 Million Package for Businesses Ahead of 2026 Election",
    "shortdescription": "Sweden's government plans a 7 billion crown ($747 million) package in the 2026 budget to support small businesses, boost jobs, and spur economic growth.",
    "description": "The Swedish government unveiled a 7 billion crown ($747 million) package in its 2026 budget aimed at supporting small businesses and stimulating job growth ahead of the election year. Deputy Prime Minister Ebba Busch said the measures will benefit 60,000 small businesses through tax reductions, temporary incentives to hire young workers, and efforts to cut red tape for more profitable operations. The broader minority right-wing coalition budget includes an 80 billion crown boost to the economy, featuring income tax cuts, electricity tax reductions, and lower VAT on food. Officials say the full budget will be presented on September 22. The government emphasized its goal of making Sweden a country where it is easy to start and grow a company, aiming to create a more dynamic business environment and encourage entrepreneurship.",
    "image": "/images/sweden-business-package-2026.webp",
    "slug": "swedish-government-747-million-package-businesses-2026-election",
    "date": "10th September 2025",
    "author":"Lauren Jacobs"
  },
  {
    "category": "investing",
    "title": "Donald Trump’s Stock Portfolio: 8 Stocks Owned by the President",
    "shortdescription": "A look at eight publicly disclosed stocks in President Donald Trump’s portfolio, including Trump Media, Apple, Microsoft, and Nvidia.",
    "description": "President Donald Trump, with a net worth of approximately $6 billion according to Forbes, owns a range of stocks across media, technology, and finance. His top holding is Trump Media & Technology Group Corp. (DJT), the parent company of Truth Social, valued at around $2 billion. Other notable investments include Blue Owl Capital Corp. (OBDC), Apple Inc. (AAPL), Microsoft Corp. (MSFT), Nvidia Corp. (NVDA), Blackstone Inc. (BX), Broadcom Inc. (AVGO), and Alphabet Inc. (GOOG, GOOGL). The stakes in these companies range from hundreds of thousands to millions of dollars, reflecting a diversified approach with exposure to tech giants and financial assets. Trump Media & Technology Group remains a significant personal investment, representing about 41.5% of the company. While Trump has filed to potentially sell some shares, he has stated he has no immediate plans to do so. His financial disclosures provide a window into the president’s investment strategy and focus on companies with strong market positions or dividend potential.",
    "image": "/images/trump-stock-portfolio.webp",
    "slug": "donald-trump-stock-portfolio-8-stocks-owned",
    "date": "10th September 2025",
    "author":"David Miller"

  },
  {
    "category": "investing",
    "title": "7 Drone Stocks to Watch in 2025",
    "shortdescription": "With the global drone market expected to reach $58 billion by 2030, investors are eyeing seven promising drone stocks poised to benefit from commercial and defense growth.",
    "description": "The global drone industry is growing rapidly, with projections to hit $58 billion by 2030 at a 7.9% annual growth rate. Key commercial verticals now include cargo, courier services, and warehouse operations, while mapping, surveying, ground inspection, and photography follow closely. Government support in the U.S., such as President Donald Trump's June 2025 executive order 'Unleashing American Drone Dominance,' has further boosted the sector, easing procurement for federal agencies and increasing funding for domestic drone development. The Department of Defense’s drone procurement directive in July 2025 accelerates purchase timelines and spending. Despite strong growth potential, the industry faces challenges including regulatory hurdles, privacy concerns, and supply chain bottlenecks, especially for batteries and sensors. Analysts say the sector remains a balancing act, but seven specific drone stocks are currently positioned to prosper as both commercial and defense applications expand into late 2025.",
    "image": "/images/drone-stocks-2025.webp",
    "slug": "7-drone-stocks-to-watch-2025",
    "date": "10th September 2025",
    "author":"Lauren Jacobs"
  },
  {
    "category": "investing",
    "title": "Italy’s Industrial Output Rises in July, Signaling Manufacturing Recovery",
    "shortdescription": "Italian industrial output grew by 0.4% in July, surprising economists and suggesting renewed strength in the country’s long-struggling manufacturing sector.",
    "description": "Italy's industrial output unexpectedly rose by 0.4% in July compared with the previous month, providing a fresh sign of recovery for the manufacturing sector. Analysts had anticipated a 0.1% decline, making this the second consecutive positive surprise following June’s 0.2% growth. According to ISTAT, all major industry groups contributed to the increase except for energy. On a work day-adjusted year-on-year basis, output was up 0.9% in July, reversing the 0.7% decrease in June. Earlier surveys, including a PMI report, indicated that Italian manufacturing returned to growth in August after 16 months of contraction. Despite the encouraging industrial figures, the overall economic outlook remains uncertain, with Italy’s GDP shrinking by 0.1% in the second quarter and the government maintaining a 0.6% growth forecast for 2025 amid global trade uncertainties.",
    "image": "/images/italy-industrial-output-july-2025.webp",
    "slug": "italy-industrial-output-rises-july-2025",
    "date": "10th September 2025",
    "author":"Lauren Jacobs"
  },
  {
    "category": "investing",
    "title": "20 Things to Know Before Buying an Annuity",
    "shortdescription": "Annuities can provide lifetime income and tax-sheltered retirement savings, but it’s crucial to understand how they work before purchasing.",
    "description": "Annuities are often misunderstood financial products that can offer guaranteed income for life, principal protection, and tax advantages beyond traditional 401(k)s and IRAs. However, they are not traditional investments—they are risk-transfer contracts between the buyer and an insurance company. Stan Haithcock, founder of Stantheannuityman.com, emphasizes that annuities should be chosen carefully, as they are frequently sold rather than actively selected by consumers. Recent legislation, including the Department of Labor’s fiduciary rule and California’s PRICE Act, aims to ensure financial professionals act in the best interest of clients when recommending annuities. Key considerations include understanding the types of annuities—fixed, variable, and indexed—their fees, tax treatment, early withdrawal penalties, and payment options. Buyers should also evaluate the insurance company’s stability, the annuity’s guarantees, and whether annuitization strategies fit their retirement goals. Being informed can help investors decide if an annuity complements their overall retirement plan and provides the security they seek.",
    "image": "/images/annuities-guide-2025.webp",
    "slug": "20-things-to-know-before-buying-an-annuity",
    "date": "10th September 2025",
    "author":"Daniel Ruiz"

  },
  {
    "category": "investing",
    "title": "How to Buy Stocks Online: A Beginner’s Guide",
    "shortdescription": "A step-by-step guide for first-time investors on using online brokers, selecting stocks or funds, and managing a portfolio effectively.",
    "description": "The rise of online brokers has made stock market investing accessible to a broader audience, particularly tech-savvy Gen Z and millennial investors. Stocks remain one of the most powerful wealth-building tools, historically outperforming real estate, bonds, and gold. To start investing online, individuals should first clarify their financial goals and choose an investment strategy that fits their skills, time, and risk tolerance. Options include picking individual stocks, investing in equity funds or ETFs, or using a robo advisor for automated portfolio management. Selecting the right platform—whether a stockbroker, mutual fund provider, or robo advisor—requires evaluating factors like fees, minimum deposits, trading tools, customer support, and investment options. Once an account is set up, investors can research and select stocks or funds, create buy orders, and actively manage their portfolio over time. Throughout the process, staying aligned with long-term goals and understanding the fundamentals of investing is essential for building wealth sustainably.",
    "image": "/images/how-to-buy-stocks-online-2025.webp",
    "slug": "how-to-buy-stocks-online-beginners-guide",
    "date": "10th September 2025",
    "author":"Lauren Jacobs"
  },
  {
    "category": "investing",
    "title": "Nuclear Fusion Stocks: 5 Ways to Invest",
    "shortdescription": "Exploring investment opportunities in nuclear fusion, a sector with potential for groundbreaking energy innovation and long-term growth.",
    "description": "Nuclear fusion is emerging as one of the most promising frontiers in energy innovation, offering the potential for virtually limitless, clean power. For investors, the fusion sector presents unique opportunities, though it remains highly speculative due to technological and regulatory challenges. Experts suggest five ways to invest: purchasing shares in companies directly developing fusion reactors, investing in suppliers of critical materials and components, buying ETFs focused on clean energy innovation, funding private fusion startups through venture capital channels, or diversifying through technology-focused funds that include fusion exposure. While the sector promises transformative energy solutions, investors should approach with a long-term horizon, understanding the technical and financial risks inherent in a field still in early stages of commercialization.",
    "image": "/images/nuclear-fusion-stocks-2025.webp",
    "slug": "nuclear-fusion-stocks-5-ways-to-invest",
    "date": "10th September 2025",
    "author":"David Miller"

  },
  {
    "category": "investing",
    "title": "Artificial Intelligence: Best AI Stocks to Watch",
    "shortdescription": "A guide to stocks where AI and automation play a central role, highlighting companies poised to benefit from the AI revolution.",
    "description": "Artificial intelligence continues to reshape industries, from software and cloud computing to healthcare and manufacturing. Investors looking to capitalize on this trend can focus on companies that integrate AI and automation as core aspects of their business. Key strategies include targeting firms leading in AI research and development, cloud infrastructure providers that power AI solutions, robotics and automation companies, and enterprises leveraging AI to optimize operations or develop new products. While AI offers significant growth potential, investors should consider factors such as technological leadership, market adoption, competitive advantage, and regulatory developments. A careful approach combining research and diversification can help investors navigate this rapidly evolving sector and identify opportunities for long-term gains.",
    "image": "/images/artificial-intelligence-best-ai-stocks-2025.webp",
    "slug": "artificial-intelligence-best-ai-stocks-2025",
    "date": "10th September 2025",
    "author":"David Miller"

  },
  {
    "category": "investing",
    "title": "The History of Bitcoin: From Inception to Today",
    "shortdescription": "Tracing Bitcoin’s journey as the first cryptocurrency, through its highs, lows, and transformative impact on finance.",
    "description": "Bitcoin, the world’s first cryptocurrency, has been at the center of a financial revolution since its creation in 2009 by the pseudonymous Satoshi Nakamoto. Over the years, it has experienced dramatic price surges, steep crashes, and widespread adoption, influencing both retail and institutional investors. Bitcoin’s underlying blockchain technology has sparked the development of thousands of other cryptocurrencies and inspired innovations across finance, supply chain, and digital identity. While critics highlight volatility, regulatory uncertainties, and security concerns, proponents see it as a hedge against inflation and a transformative tool for decentralized finance. Understanding Bitcoin’s history offers insights into the evolving landscape of digital assets and the future of global finance.",
    "image": "/images/history-of-bitcoin-2025.webp",
    "slug": "history-of-bitcoin-from-inception-to-today",
    "date": "10th September 2025",
    "author":"Daniel Ruiz"

  },
  {
    "category": "investing",
    "title": "6 ETFs to Invest Like Warren Buffett",
    "shortdescription": "A guide to exchange-traded funds that mirror Warren Buffett's holdings, allowing investors to follow the Oracle of Omaha’s strategy.",
    "description": "Warren Buffett’s investment approach has long been admired for its focus on value, long-term growth, and high-quality companies. For those who want to emulate his portfolio without picking individual stocks, certain ETFs provide exposure to the types of companies Buffett favors. These ETFs typically invest in large-cap, financially strong, and dividend-paying firms across sectors such as technology, consumer goods, and financial services. By analyzing Buffett’s recent stock picks and holdings, investors can identify ETFs that reflect his investment philosophy while offering diversification and lower risk. While no ETF can perfectly replicate Buffett’s expertise, these funds provide a practical way for everyday investors to align their portfolios with a proven long-term strategy.",
    "image": "/images/6-etfs-to-invest-like-warren-buffett-2025.webp",
    "slug": "6-etfs-to-invest-like-warren-buffett",
    "date": "10th September 2025",
    "author":"Lauren Jacobs"
  },
  {
    "category": "investing",
    "title": "Best Defense ETFs to Watch in 2025",
    "shortdescription": "As global military spending rises, these defense-focused ETFs offer investors a chance to capitalize on the sector’s growth.",
    "description": "With global defense budgets expanding and geopolitical tensions driving demand for advanced military technologies, defense stocks and ETFs are drawing increased attention from investors. Defense ETFs offer a diversified way to gain exposure to companies involved in aerospace, cybersecurity, weapons systems, and defense contracting. These funds typically include both established giants and emerging players in the defense industry, providing a balance between stability and growth potential. Analysts note that while defense investments can benefit from rising government spending, investors should also consider regulatory changes, international conflicts, and technological disruption when building their portfolios. For those looking to align with sector trends, defense ETFs present a strategic, long-term opportunity.",
    "image": "/images/best-defense-etfs-2025.webp",
    "slug": "best-defense-etfs-2025",
    "date": "10th September 2025",
    "author":"Daniel Ruiz"

  },
  {
    "category": "investing",
    "title": "Will the Stock Market Crash in 2025?",
    "shortdescription": "Investors are on edge amid rising prices and market volatility, raising concerns about a potential downturn in 2025.",
    "description": "As inflation pressures continue and global economic uncertainties linger, many investors are questioning whether the stock market is heading for a correction or crash in 2025. While markets have shown resilience in the first half of the year, rising interest rates, geopolitical tensions, and economic slowdowns in major economies have heightened fears. Experts suggest that while a severe crash is not inevitable, volatility is likely to continue, with sectors such as technology, energy, and consumer discretionary being particularly sensitive. Investors are advised to maintain diversified portfolios, keep a long-term perspective, and avoid making impulsive decisions based on short-term market swings. Understanding the balance between risk and opportunity is key as the year unfolds.",
    "image": "/images/will-the-stock-market-crash-2025.webp",
    "slug": "will-the-stock-market-crash-2025",
    "date": "10th September 2025",
    "author":"Lauren Jacobs"
  },
  {
    "category": "investing",
    "title": "How to Invest in Rare Earth Metals",
    "shortdescription": "Rare earth metals are critical for technology, industry, and defense, offering unique investment opportunities.",
    "description": "Rare earth elements, including neodymium, scandium, and yttrium, play a crucial role in modern technology, from smartphones and electric vehicles to military applications and renewable energy systems. Investors looking to gain exposure to this market can consider mining companies, exchange-traded funds (ETFs), and mutual funds that focus on rare earth production. While the sector offers growth potential due to increasing global demand, it also comes with risks such as supply chain concentration, geopolitical tensions, and environmental concerns associated with mining. Analysts recommend a careful approach, balancing potential rewards with the volatility inherent in this specialized market. Educated investors can capitalize on this niche segment while staying aware of broader market dynamics.",
    "image": "/images/how-to-invest-in-rare-earth-metals.webp",
    "slug": "how-to-invest-in-rare-earth-metals",
    "date": "10th September 2025",
    "author":"Lauren Jacobs"
  },
  {
    "category": "investing",
    "title": "Best Investments in 2025",
    "shortdescription": "Navigating 2025’s markets requires balancing new opportunities and emerging risks across sectors and asset classes.",
    "description": "As 2025 unfolds, investors are evaluating opportunities amid slowing bond flows, cooling enthusiasm for artificial intelligence, and growing interest in alternative investment funds. Traditional equities remain attractive for long-term growth, while real estate and infrastructure continue to provide defensive plays. Experts suggest diversifying across sectors and geographies to manage risk, and keeping an eye on emerging technologies and sustainable investments for potential upside. With market conditions evolving rapidly, thoughtful allocation and a long-term perspective are key to navigating both opportunities and risks in the current investment landscape.",
    "image": "/images/best-investments-2025.webp",
    "slug": "best-investments-2025",
    "date": "10th September 2025",
    "author":"David Miller"

  },
  {
    "category": "investing",
    "title": "Billionaire George Soros' Top Stocks",
    "shortdescription": "A look at Soros Fund Management’s seven key investments and what they signal about market trends.",
    "description": "George Soros, known for his sharp investment acumen, has revealed seven top holdings through Soros Fund Management. These investments span technology, healthcare, energy, and finance, reflecting both growth potential and strategic hedging. Analysts note that Soros’ portfolio choices often indicate broader market sentiment, with a focus on resilient companies and sectors positioned to benefit from emerging economic trends. Investors and fund managers closely monitor such moves, using them as a guide for spotting opportunities in a shifting market landscape.",
    "image": "/images/george-soros-top-stocks.webp",
    "slug": "billionaire-george-soros-top-stocks",
    "date": "10th September 2025",
    "author":"Daniel Ruiz"

  },
  {
    "category": "investing",
    "title": "Ways to Invest With a Weakening Dollar",
    "shortdescription": "Strategies for investors to navigate and capitalize on a declining U.S. dollar.",
    "description": "With the U.S. dollar showing signs of weakness, investors are exploring alternative strategies to protect and grow their portfolios. Options include diversifying into foreign currencies, investing in multinational companies with strong overseas revenues, and considering commodities like gold and oil that typically benefit from a softer dollar. Fixed-income and bond markets may also present opportunities for hedging. Experts emphasize the importance of a diversified approach and staying informed about global economic trends to make the most of a shifting currency landscape.",
    "image": "/images/investing-weak-dollar.webp",
    "slug": "ways-to-invest-with-a-weakening-dollar",
    "date": "10th September 2025",
    "author":"David Miller"

  }
]