[
  {
    "category": "us",
    "title": "Man Charged By Federal Government For Stabbing Death Of Ukrainian Woman on Charlotte Light Rail",
    "shortdescription": "A federal indictment has been filed against Decarlos Brown Jr. in connection with the fatal stabbing of 23-year-old Ukrainian refugee Iryna Zarutska on-board a Charlotte light rail train (potential for death penalty).",
    "description": "A demoralizing event occurred in the evening of August 22, 2025. Zarutska, who had recently fled her war-torn homeland to relocate to Charlotte, North Carolina, was stabbed to death while riding the Lynx Blue Line light rail train. The attack happened during the packed evening commute and appeared to be unprovoked, with a fellow passenger recording on business surveillance video the assailant—Brown Jr., age 34—provoked an attack on Zarutska, and fatally stabbed her while at the same time fleeing the crime to abscond from the train. Brown, who has a history of mental illness and 14 prior arrests prior to the event, was apprehended shortly thereafter, and charged initially with first-degree murder for the shocking, violent act. On September 9, 2025, the U.S. Department of Justice announced that Brown now has a federal charge for committing an act causing death on a mass transportation system. The act addressed in federal law includes 'serious bodily injury' and death and carries a penalty of the maximum of death penalty. U.S. Attorney Pamela Bondi denounced the attack as the 'result of failed soft-on-crime policies,' vowing to seek the maximum penalty. FBI Director Kash Patel noted the nature of harm and injury involved persons traveling from Point A to Point B and receives little media attention, in comparison to office place shootings.",
    "image": "/images/iryna-zarutska-charlotte-train-incident.webp",
    "slug": "man-faces-federal-charges-in-fatal-stabbing-of-ukrainian-woman-on-charlotte-light-rail",
    "date": "10th September 2025",
    "author": "David Miller"
  },
  {
    "category": "us",
    "title": "National Park Service Workers Flag Materials as Disparaging to U.S. History",
    "shortdescription": "National Park Service workers tagged content in the federal parks that reference slavery, Native Americans' displacement from their land, and the climate that they thought might be disparaging to Americans, based on the directive from the Trump administration.",
    "description": "The directive, developed from an executive order issued in March, required the Interior Department to make sure that public property doesn't contain characteristics that improperly disparage Americans past or present. To forgo disparaging materials will instead increase the presence of materials that honor the greatness of the accomplishments and progress of the American people, and emphasize the beauty, abundance, and grandeur of the American landscape, as per an Interior Department press release. The National Park Service workers were to identify all disparaging materials by July 18, then to remove or cover all materials deemed as not appropriate by September 17. Examples of flagged materials include exhibits about slavery and racial brutality in South Carolina and Pennsylvania; discussions of Native American history and assimilation in Florida and Alaska; and signage related to pollution or climate change in North Carolina. Critics have said that the review has implications for whitewashing and eliminating significant portions of American history and could undermine public education and reconciliation, while supporters have argued that the initiative will support a more unified and positive depiction of America and Americans. The National Park Service said",
    "image": "/images/national-park-service-signage-review.webp",
    "slug": "national-park-employees-flag-materials-deemed-disparaging-to-us-history",
    "date": "10th September 2025",
    "author": "Daniel Ruiz"
  },
  {
    "category": "us",
    "title": "Plans in the Works for Korean Workers Detained in Raid to Go Home While Fear Lingers for Residents",
    "shortdescription": "Over 300 South Korean workers detained during a U.S. immigration raid in Georgia are set to return home, while local Korean residents express ongoing concerns about their safety and future in the community.",
    "description": "On September 4, 2022, the workers had been detained at the construction site for the Hyundai-LG battery plant allegedly for having violated their visa terms. The South Korean government has since arranged a chartered flight to take the workers, the focus of the diplomatic talks was to avoid new bans on their future admission and assure the safest repatriation possible. South Korea's Foreign Minister Cho Hyun made the trip to Washington to help coordinate the return of the workers and to speak to U.S. officials about reforming the visa process. While the workers get ready to depart, there is unease in the local Korean community in Pooler, Georgia. Residents have reported that they are suspicious, anxious, and more careful when they are with others while in public and they are concerned about what attention immigration may still be watching for in their community.. Community leaders have expressed the importance of support and understanding while these residents deal with the consequences of the raid. The raid had generated larger conversations about how community safety and labor overlap with immigration, and sparks the need for clearer visa policies to admit foreign skilled workers to labor on large scale infrastructure projects.",
    "image": "/images/korean-workers-detained-georgia-raid.webp",
    "slug": "korean-workers-detained-georgia-raid-return-home-fear-lingers",
    "date": "10th September 2025",
    "author": "Lauren Jacobs"
  },
  {
    "category": "us",
    "title": "Kilmar Abrego Garcia Seeks Asylum Amidst Renewed Deportation Efforts",
    "shortdescription": "Kilmar Abrego Garcia, a Salvadoran man wrongfully deported in 2025, is seeking asylum in the U.S. to avoid deportation to Eswatini, a country he fears could return him to El Salvador, where he previously faced persecution.",
    "description": "Kilmar Abrego Garcia is a 30-year-old Salvadoran man, involved in a highly contentious legal dispute over his immigration status in the United States. In March 2025, despite a court order dating back to 2019 that barred deportation solely because Garcia had demonstrated credible fears of being murdered by gangs if deported to El Salvador, and subsequent conditions were placed on his attempt to gain asylum due to a retaliatory deportation, Garcia was improperly deported a second time to El Salvador. Garcia was subsequently also incarcerated in El Salvador's Terrorism Confinement Center (CECOT), which is considered a very high security facility known for extreme conditions of confinement. After a Supreme Court ruling ordered Garcia returned to the U.S., Garcia was returned to the U.S. in June 2025. Garcia is facing human smuggling charges stemming from a traffic stop in Tennessee in 2022, however, Garcia's legal team has argued that the charges are politicized and retaliatory. After both the U.S. and the Commonwealth of Kentucky threatened to deport Garcia to Uganda, Garcia filed a motion to reopen his asylum case and apply for asylum. Garcia claims he has credible fears of persecution as a gang member by multiple countries, including Eswatini. The Trump administration's Department of Justice argues that Garcia is not eligible for asylum, as the government alleges he is an unremitted gang member of MS-13, which Garcia, and his attorneys, vehemently deny. Garcia's case has generated significant national attention, while advocates and legal experts have decried the politicization of Garcia's cases, and warned of violations of Garcia's constitutional rights. If Garcia's case were to grant his asylum request, it will have potential global implications for the practice of U.S. asylum law.",
    "image": "/images/kilmar-abrego-garcia-asylum-deportation.webp",
    "slug": "kilmar-abrego-garcia-seeks-asylum-amidst-renewed-deportation-efforts",
    "date": "10th September 2025",
    "author": "Daniel Ruiz"
  },
  {
    "category": "us",
    "title": "Michigan Dismissal Shows Problems for Prosecutors of 2020 Fake Electors",
    "shortdescription": "A judge in Michigan has dismissed charges against 15 people who were trying to falsify Donald Trump as the winner of the 2020 presidential election. The judge determined there was no fraudulent intent.",
    "description": "In a major legal development, Ingham County District Court Judge Kristen D. Simmons has dismissed criminal charges against 15 individuals accused of being involved in a plan to falsely certify Donald Trump as the winner of Michigan's 2020 presidential election. The defendants, several of whom are prominent Michigan Republicans, were charged with forgery and conspiracy after sending documents claiming that they were the state's legitimate electors for Trump, despite Biden's decisive victory in the state. Judge Simmons ruled that prosecutors did not show the individuals had fraudulent intent, noting that they truly believed that election irregularities had occurred and were exercising their constitutional rights. This ruling is a setback for state prosecutors, but it also fits into a larger trend of difficulties in pursuing similar prosecutions in other battleground states, including Arizona, Georgia, and Nevada. Critics of the defendants' actions believe they undermined the democratic process, while defenders say they were exercising their rights. Michigan Attorney General Dana Nessel on Monday voiced disappointment over the ruling and said she is pondering an appeal, although legal experts note that the dismissal will be difficult to reverse.",
    "image": "/images/michigan-fake-electors-case-dismissal.webp",
    "slug": "michigan-dismissal-highlights-challenges-in-prosecuting-2020-fake-electors",
    "date": "10th September 2025",
    "author": "Lauren Jacobs"
  },
  {
    "category": "us",
    "title": "DeSantis' Step Toward Victory on 'Alligator Alcatraz' Sets Up a Funding Dilemma for Florida",
    "shortdescription": "While a federal appeals court ruled that Florida's contested Alligator Alcatraz detention center could remain open, the potential efforts to obtain federal funds presents a catch-22: if Florida accepts federal funds, it could require environmental review and North Miami would be vertically challenged to utilize state funds.",
    "description": "Florida’s Governor Ron DeSantis now faces a complicated matter of funding after a federal appeals court ordered that Alligator Alcatraz, his USD 245 million immigration detention center with 1,100 beds (aka The Everglades Detention Center), will stay operational after a 2-to-1 majority magnificently overturned a lower court’s order to close the facility. The Appeals Court temporarily stayed the order of a lower court in order to remand and convene to hear the individual complaints about the Florida facility originally designed for Environmental Rapid Entrance Permitting. Because the facility did not accept federal funds, the law does not require an environmental impact statement because until monetary federal funds are accepted, the Alligator Alcatraz facility could satisfactorily accept federal funding. At this moment, Governor DeSantis is in a conundrum; obtaining federal reimbursement may involve federal environmental review and additional state construction delays and/or legal challenges. Some say Ocean Reef Club abuts a delicate environmental preserved and mangrove-laden area. After its hasty construction in June 2022, Florida has faced criticism and resistance for placing the center on a deteriorated and horrible factual site for a detention center – without normal environmental standards. Supporters argue environmental progress is a necessary component of federal immigration appraisals, but other defendants, environmental groups, and the Miccosukee Tribe countered that the detention facility would irreparably harm the environment and was obtaining excessing environmental permits. Regardless, the chosen site is clear for the overall argument intensifying - Florida's future detention facility is compromising the environmental status quo.",
    "image": "/images/alligator-alcatraz-detention-center.webp",
    "slug": "desantis-steps-toward-victory-alligator-alcatraz-funding-dilemma",
    "date": "10th September 2025",
    "author": "Lauren Jacobs"
  },
  {
    "category": "us",
    "title": "Tropical Storm Kiko Weakens but Brings Dangerous Surf to Hawaii",
    "shortdescription": "Tropical Storm Kiko has weakened as it moves north of Hawaii but continues to generate hazardous surf and rip currents along the islands' east-facing shores.",
    "description": "Tropical Storm Kiko (formerly tropical storm) has just recently weakened from hurricane status, and now is between Hawaii and California with the storm located north/north of the Hawaiian Islands. Unbelievably, there was different impacted sustained winds. As a matter of fact, Kiko was about 220 miles to the north of Hilo and about 220 miles east/northeast of Honolulu, moving towards the west/northwest at about 14 mph with winds around 40 miles per hour. Hawaii remains experiencing for not directly impacting the Islands the result of Kiko is high surf and strong rip currents affecting primarily the east-facing shores of the Big Island and south-facing beaches of Maui. Wave heights are expected to peak Tuesday and Wednesday but local officials do believe the wave energy will have significant impacts, hazards, surf zone, and beach conditions to swimmers and other beachgoers. Local officials stress both residents and visitors take extra precaution near all beaches, do not enter the water, and monitor official advisories. The National Weather Service office has not issued any coastal watches or warnings but they do advise the public remains alerted to conditions that may change quickly with shifting winds and currents.",
    "image": "/images/tropical-storm-kiko-hawaii-surf.webp",
    "slug": "tropical-storm-kiko-weakens-dangerous-surf-hawaii",
    "date": "10th September 2025",
    "author": "David Miller"
  },
  {
    "category": "us",
    "title": "Texas Legislature Approves Bill Allowing Private Citizens to Sue Providers of Abortion Pills",
    "shortdescription": "Texas Legislature has passed a bill allowing private citizens to sue anyone or entity that manufactures, distributes, or mails abortion pills into the state of Texas or out of the state of Texas, which could have a major impact on access to reproductive health care.",
    "description": "This week, Texas Legislature passed House Bill 7, the first piece of legislation that allows private citizens to sue any individuals or entities involved in the manufacture, distribution, or mailing of abortion pills into or out of the State of Texas. This legislation passed in the Texas Senate with a vote of 18-9 and is expected to be signed into law by Governor Greg Abbott, a strong opponent of abortion. Successful plaintiffs under the proposed law could receive a minimum award of $100,000 in damages. However, only the persons directly affected (the pregnant woman or close relatives) would receive the full amount of damages, while others could only recover $10,000 and the rest would be paid to a charity. The laws enforcing stricter restrictions on abortion using abortion pills immediately stems from the growing popularity of medication abortion after the U.S. Supreme Court overturned Roe v. Wade in 2022.",
    "image": "/images/texas-abortion-pill-law.webp",
    "slug": "texas-lawmakers-approve-bill-allowing-private-citizens-to-sue-abortion-pill-providers",
    "date": "10th September 2025",
    "author": "Daniel Ruiz"
  },
  {
    "category": "us",
    "title": "Federal Judge Upholds Hamtramck's Ban on Pride Flags on Public Property",
    "shortdescription": "A federal judge has dismissed a lawsuit challenging Hamtramck, Michigan's ban on LGBTQ+ Pride flags from city-owned flagpoles stating its a constitutional policy.",
    "description": "In an important ruling, U.S. District Judge David Lawson ruled to uphold Hamtramck's city wide policy prohibiting LGBTQ+ Pride flags on city owned flag poles. The city policy was adopted in June 2023 by Hamtramck's all Muslim city council and allowed five flags total, which included the American flag, the state of Michigan flag, and flags that displayed the 'international character' of the community. Judge Lawson explained that, Hamtramck's policy prohibits the flying of any private flag equally, assuming the American flag, the Michigan state flag, and the five flags that communicated to the world the City and community was 'international character' are not collectively pending specific approval by the owner of the flag pole on public property. Judge Lawson ruled that there was nothing unconstitutional about the policy. The original lawsuit was filed by two past city officials and alleged that the ban violated free speech rights. The ban limits the display of Pride flags to private property, and therefore, individuals and businesses can publicly display Pride flags on private property. The ruling has sparked a continuing conversation about free expression and government neutrality, especially in diverse communities, such as Hamtramck.",
    "image": "/images/hamtramck-pride-flag-ban.webp",
    "slug": "federal-judge-upholds-hamtramcks-ban-on-pride-flags-on-public-property",
    "date": "10th September 2025",
    "author": "Lauren Jacobs"
  },
  {
    "category": "us",
    "title": "New Orleans Mayor LaToya Cantrell to Appear in Court on Corruption Charges Tied to Alleged Affair",
    "shortdescription": "Mayor LaToya Cantrell is scheduled for her first federal court appearance to face conspiracy, fraud, and obstruction charges related to an alleged romantic relationship with her bodyguard, Jeffrey Vappie.",
    "description": "New Orleans Mayor LaToya Cantrell is facing four felony charges - including conspiracy; wire fraud; and obstruction of justice - in federal court this afternoon. Cantrell is alleged to have diverted public funds for travel with her former bodyguard Jeffrey Vappie, along with deliberately destroying records regarding their relationship; including encrypted messages and record deletions. The indictment states that Cantrell and Vappie executed a multi-year plot to defraud taxpayers by falsely submitting more than $70,000 in travel expenses billed to the city, while horrific strides to hinder potential federal investigation efforts also occurred. Vappie, who resigned from his post at the New Orleans Police Department in 2024 and who has also pleaded not guilty to wire fraud and making false statements. Cantrell and Vappie - the two can potentially face up to twenty (20) years for the most serious felonies. This case, as well as continued national public perception of Louisiana politics, will further uncover this narrative regarding connected political corruption in Louisiana. Corruption in Louisiana has been inspired by this case - which is considered to be further evidence of corruption in Louisiana, transparency and ethics.",
    "image": "/images/latoya-cantrell-court.webp",
    "slug": "new-orleans-mayor-cantrell-court-appearance-corruption-charges",
    "date": "10th September 2025",
    "author": "Daniel Ruiz"
  },
  {
    "category": "us",
    "title": "National Championship Air Races Take Flight in Roswell, New Mexico",
    "shortdescription": "The National Championship Air Races have relocated to Roswell, New Mexico, marking the first time in the event's 60-year history that it is held outside Reno, Nevada.",
    "description": "The National Championship Air Races, the nation's premier head-to-head airplane racing event, is moving to Roswell, New Mexico, for the first time in its 60-year history and will draw tens of thousands of its fans. The event was previously held in Reno, Nevada, and was relocated to Roswell over various safety issues as well as limits on space on the airport with encroaching urban development. The races happen over a five-day period with racers flying as low as 50 feet above ground and at speeds approaching 500 mph, with self-built single-seat and prop airplanes (Formula 1 racers) along with aerobatics biplanes. Roswell was chosen from cities in six states, with its vast and unobstructed desert airspace. The state and local citizens have pledged to invest to help develop Roswell Air Center, including grandstands for 9,500 patrons. Although there will not be any World War II era aircraft racing this year, fans will still see military and vintage air shows along with acrobatic flying. The relocation of the event tracks last year's Greenwich crash in Reno where two pedicured veteran pilots were killed. The new site has offered safety by providing offers spectators a wider dispersal from the turns, and separating an entire race experience and course from the neighborhood. Organizers have stated they will put all the proper purposegages in civil authority pressure to guarantee their ability to keep the race as safe as possible, while also remaining within FAR (Federal Aviation Regulations) guidelines/waivers and FAA (Federal Aviation Authority) accredited distances away from people and property.",
    "image": "/images/roswell-air-races-2025.webp",
    "slug": "national-championship-air-races-roswell-2025",
    "date": "10th September 2025",
    "author": "Lauren Jacobs"
  },
  {
    "category": "finance",
    "title": "Asian Shares Mostly Rise, Cheered by Wall Street Rally to More Records",
    "shortdescription": "Asian stock markets gained ground on Wednesday, following Wall Street's record-setting rally fueled by expectations of a Federal Reserve interest rate cut to address job market weakness.",
    "description": "Asian stock markets soared on Wednesday, led by Wall Street's advance to all-time highs. Investors were enthused by the prospect that the U.S. Federal Reserve will soon cut interest rates to address signs of weakness in the job market. The S&P 500, Nasdaq, and Dow Jones closed at all-time highs while S&P 500 futures were up 0.3%. Asian markets were led by Japan's Nikkei, up 0.8%, and South Korea's KOSPI, up 1.7%. Taiwan's index hit an all-time high, up 1.5%. Hong Kong and mainland Chinese stocks were higher as well. Bond markets declined, however, and U.S. Treasury yields rose as investors anticipated easier monetary policy. Investors are also looking closely at U.S. inflation data released on Wednesday and Thursday, which could affect the decision on interest rate cuts by the Fed.",
    "image": "/images/asian-stocks-rise-wall-street-record.webp",
    "slug": "asian-shares-rise-wall-street-record",
    "date": "10th September 2025",
    "author": "David Miller"
  },
  {
    "category": "us",
    "title": "Federal Judge Blocks Trump Administration's Subpoena of Trans Kids' Medical Records from Boston Hospital",
    "shortdescription": "A federal judge has blocked the Trump administration's attempt to subpoena medical records of transgender minors from Boston Children's Hospital, citing improper and bad faith motives.",
    "description": "In a high-profile legal ruling, U.S. District Judge Myong Joun has quashed a subpoena duces tecum ordered by the U.S. Department of Justice (DOJ) to Boston Children's Hospital with a broad request for the medical records of transgender minors who received gender-affirming care that includes sensitive patient information and records over many years. Judge Joun found the subpoena too broad and politically motivated to advance the Trump administration’s agenda to suppress the delivery of gender-affirming care to minors. The DOJ had contended that the medical records pertained to an investigation involving healthcare fraud and misuse of prescription drugs based on the actions of the hospital. The court found no evidence whatsoever that Boston Children's Hospital had conducted fraudulent medical billing or other practices. The ruling adds to the growing tensions and confusion between state efforts to protect transgender care and federal efforts to restrict access to gender-affirming care while an expanded political and legal backlash continues to develop across the country.",
    "image": "/images/boston-childrens-hospital.webp",
    "slug": "judge-blocks-trump-subpoena-trans-kids-medical-records-boston-hospital",
    "date": "10th September 2025",
    "author": "Lauren Jacobs"
  },
  {
    "category": "us",
    "title": "Trump Dines at Restaurant Near White House to Promote Federal Law Enforcement Surge in D.C.",
    "shortdescription": "President Donald Trump dined at Joe’s Seafood, Prime Steak & Stone Crab in Washington, D.C., to highlight his administration's federal law enforcement efforts aimed at reducing crime in the capital.",
    "description": "President Donald Trump's Tuesday night dinner at an upscale restaurant, Joe's Seafood, Prime Steak & Stone Crab, that is just a short walk from the White House, was intended to celebrate the latest monumental increase, in federal law enforcement to address crime in Washington, D.C. It appeared that there were several high-profile attendees at the dinner including Vice President JD Vance, Secretary of State Marco Rubio, and Secretary of Defense Pete Hegseth. During remarks that evening, Trump took the opportunity to inform diners that the newly deployed National Guard and federalized police had rendered the city 'virtually crime-free.' He went on to announce that he is planning to implement similar operations in other cities in the U.S. like Chicago. Reactions to the event were mixed with celebration by some, and protests by others, including pro-Palestinian protesters inside and outside of the restaurant. According to a White House official, federal law enforcement intervention that began in August 2025 has resulted in more than 2,100 arrests and the clearing of numerous homeless encampments. Critics of the order believe the use of federal law enforcement and the crime numbers do not justify further federal assistance to state and local law enforcement.",
    "image": "/images/trump-dc-law-enforcement.webp",
    "slug": "trump-dines-at-restaurant-near-white-house-to-promote-federal-law-enforcement-surge-in-dc",
    "date": "10th September 2025",
    "author": "Daniel Ruiz"
  },
  {
    "category": "us",
    "title": "UK, US to Sign Multibillion-Dollar Tech Deal During Trump’s Visit",
    "shortdescription": "The United States and UK are preparing a major tech agreement covering AI, semiconductors, quantum computing and telecommunications during Trump’s upcoming state visit to the UK.",
    "description": "During President Trump’s state visit to the UK, both governments are expected to finalize a large-scale technology agreement covering emerging sectors such as artificial intelligence, semiconductors, telecommunications, and quantum computing. The deal also includes investment by major U.S. tech firms and funds in UK infrastructure (e.g. data centers). The agreement reflects growing transatlantic cooperation in high tech despite geopolitical tensions. :contentReference[oaicite:1]{index=1}",
    "image": "/images/uk-us-tech-deal-trumps-visit.webp",
    "slug": "uk-us-tech-deal-trumps-visit",
    "date": "13th September 2025",
    "author": "Lauren Jacobs"
  },
  {
    "category": "us",
    "title": "Secretary Noem: President Trump Promised to Secure the Border — And He's Delivered",
    "shortdescription": "Homeland Security Secretary Kristi Noem praised President Donald Trump’s border policies, claiming his administration has fulfilled its promise to secure the U.S.-Mexico border.",
    "description": "Homeland Security Secretary Kristi Noem reiterated on Friday that President Donald Trump has successfully delivered on his long-standing campaign promise to secure the southern border. Speaking at a press briefing in Washington, Noem highlighted a dramatic decrease in illegal border crossings, citing administration figures that point to increased deportations, expanded physical barriers, and enhanced surveillance technology. She credited the surge in federal law enforcement and National Guard deployments as key factors in what she called the administration’s ‘historic success.’ Critics, however, argue that the administration’s methods have raised human rights concerns, pointing to overcrowded detention facilities and the rapid expansion of expedited removals. Still, Noem maintained that Trump’s policies represent the most effective border security effort in modern U.S. history.",
    "image": "/images/noem-border-security.webp",
    "slug": "secretary-noem-trump-delivered-border-security",
    "date": "14th September 2025",
    "author": "Lauren Jacobs"
  },
  {
    "category": "us",
    "title": "Pentagon Plans 1,000 National Guard Troops for Louisiana Policing",
    "shortdescription": "The Pentagon is considering a deployment of 1,000 National Guard troops to aid law enforcement in Louisiana cities like New Orleans and Baton Rouge.",
    "description": "According to planning documents, the Trump administration is exploring sending 1,000 National Guard troops to assist policing efforts in Louisiana through September 2026. The draft plan includes roles in drug interdiction and logistical support. The proposal is contingent on a formal request from Louisiana’s Governor Jeff Landry. The potential deployment has sparked debate, with critics calling it more of a political statement than a substantive crime-fighting strategy. :contentReference[oaicite:0]{index=0}",
    "image": "/images/pentagon-plans-1000-national-guard-troops-louisiana-policing.webp",
    "slug": "pentagon-plans-1000-guard-troops-louisiana-policing",
    "date": "13th September 2025",
    "author": "David Miller"
  },
  {
    "category": "us",
    "title": "Who Was Arrested in Trump’s D.C. Crime Emergency? Analysis of 1,273 Records",
    "shortdescription": "A detailed analysis of arrests during President Trump’s D.C. crime emergency reveals enforcement concentrated in the city’s poorest and most marginalized neighborhoods.",
    "description": "An in-depth review of 1,273 arrest records linked to President Donald Trump’s federal crime emergency in Washington, D.C., shows that while federal officers made arrests in all eight wards of the city, the majority were concentrated in its most disadvantaged areas. These neighborhoods, often with higher poverty rates, larger minority populations, and longstanding struggles with crime, saw the most aggressive enforcement. Civil rights advocates argue the data points to discriminatory targeting, while federal officials maintain that operations were focused on areas with the highest crime rates. The report underscores the broader debate about federal intervention in local policing and its impact on racial and economic equity in the capital.",
    "image": "/images/dc-crime-emergency-arrests.webp",
    "slug": "analysis-of-arrests-trump-dc-crime-emergency",
    "date": "14th September 2025",
    "author": "Daniel Ruiz"
  },
  {
    "category": "us",
    "title": "FBI Director Kash Patel Faces Far-Right Backlash Over Charlie Kirk Killing Response",
    "shortdescription": "FBI Director Kash Patel is under fire from far-right circles for his handling of the Charlie Kirk assassination investigation, including an inaccurate arrest announcement and a culturally insensitive tribute.",
    "description": "FBI Director Kash Patel is facing intense criticism from far-right groups following his response to the assassination of conservative activist Charlie Kirk. Patel's premature announcement on social media that a suspect was in custody was quickly contradicted by local officials, leading to confusion and ridicule. Additionally, during a press conference, Patel's comment, 'I'll see you in Valhalla,' intended as a tribute to Kirk, was mocked for its inaccuracy, given Kirk's Christian faith. This has fueled further criticism from far-right forums, with some questioning Patel's qualifications and accusing him of undermining the FBI's credibility. Patel is scheduled to testify before Congress this week, where he is expected to address these issues and broader concerns about the FBI's direction under his leadership.",
    "image": "/images/fbi-director-kash-patel-charlie-kirk-response.webp",
    "slug": "fbi-director-kash-patel-faces-far-right-backlash-over-charlie-kirk-killing-response",
    "date": "14th September 2025",
    "author":"Lauren Jacobs"
  },
  {
    "category": "us",
    "title": "NTSB Details Severe Turbulence on Delta Flight That Injured 25 Passengers",
    "shortdescription": "The National Transportation Safety Board (NTSB) states a Delta Air Lines flight from Salt Lake City to Amsterdam experienced severe turbulence over Wyoming injuring 25 passengers and crew.",
    "description": "On July 30, 2025, Delta Air Lines Flight DL56 (an Airbus A330-900neo) was traveling from Salt Lake City to Amsterdam when it encountered severe turbulence over Wyoming. The turbulence lasted for approximately 2.5 minutes and resulted in vertical accelerations of 1.75G. Passengers and crew members who weren't wearing seatbelts were violently thrown into the ceiling and back to the floor. At the time of the turbulence, the seatbelt sign was off, and beverage service had just begun, so many passengers were unrestrained. The flight diverted to Minneapolis-St. Paul International Airport where 24 persons were examined by paramedics and 18 were transported to hospitals. Two crew members suffered serious injuries. The NTSB is reviewing the crew's decision making including whether or not it was properly made in turning off the seatbelt sign. The turbulence incident emphasizes the inherent dangers of turbulence and the importance of following safety recommendations.",
    "image": "/images/delta-flight-turbulence-ntsb.webp",
    "slug": "ntsb-describes-severe-turbulence-delta-flight-injured-passengers",
    "date": "10th September 2025",
    "author": "Daniel Ruiz"
  },
  {
    "category": "us",
    "title": "Garnet Fire Threatens Historic Giant Sequoia Grove in California's Sierra National Forest",
    "shortdescription": "The Garnet Fire that spurred from lightning on August 24, is at McKinley Grove, which contains ancient giant sequoias, and has sparked urgent firefighting efforts to protect this iconic forest type.",
    "description": "The Garnet Fire, a wildfire ignited by lightning, has reached McKinley Grove, in California's Sierra National Forest, where the fire threatens a grove of ancient giant sequoias. Fire crews have treated the trees with sprinklers, deployed 24 hour sprinkler systems to protect trees, placed fire-retardant material (foil wraps) around tree trunks, cleared flammable vegetation to protect the trees, etc. Since commencing with efforts to protect and save the trees, a few trees have now ignited and Smokejumpers on site are fighting embers in the canopies. The fire had burned over 54,000 acres and is 14% contained as of September 8, 2025. Officials have reiterated that protecting the trees is critical, as these trees are among the only remaining sequoia trees now remaining, which grow in a narrow band (260-miles) of California's Sierra Nevada are also known as the largest trees in the world by volume.",
    "image": "/images/garnet-fire-sequoia-california.webp",
    "slug": "garnet-fire-threatens-ancient-sequoia-grove-sierra-national-forest",
    "date": "10th September 2025",
    "author":"Lauren Jacobs"
  },
  {
    "category": "us",
    "title": "Nevada Settles Lawsuit Over Inmate's Death for $4.6 Million",
    "shortdescription": "The state of Nevada has agreed to pay $4.6 million to settle a lawsuit alleging that prison guards beat inmate Christian Walker, leading to his death in 2023.",
    "description": " Nevada has settled a wrongful death lawsuit filed by the family of Christian Walker, an inmate who died at High Desert State Prison in 2023, for $4.6 million. Walker, 44, was serving life for the killing of his 17-year-old girlfriend in 1997. Although the medical examiner classified Walker's death as natural and caused by heart problems, the autopsy revealed multiple lacerations, abrasions and evidence of blunt head trauma. According to the suit, Walker was beaten by prison guards twice shortly after being transferred from another facility - the first instance was related to a dispute Walker had over his belongings. The family's attorney, James Urrutia, said the settlement was reached prior to trial in order to avoid prolonged litigation, since the family was happy with the facts developed through the legal process. Clark County is still a defendant in the case. Walker's mother, Annette Walker, has been very outspoken about Justice for Christian and about accountability for her son's death.",
    "image": "/images/nevada-inmate-death-settlement.webp",
    "slug": "nevada-settlement-walker-death-4-6-million",
    "date": "10th September 2025",
    "author": "David Miller"
  },
  {
    "category": "us",
    "title": "Manhunt Underway for Suspect in Queens Double Homicide and Arson",
    "shortdescription": "New York City police are searching for Jamel McGriff, 42, suspected of killing an elderly couple and setting their home on fire in Queens.",
    "description": "New York City police have launched a manhunt for Jamel McGriff, 42, who is wanted for the murder of Frank Olton, 76, and his wife, Maureen Olton, 77, inside their Queens home on September 8, 2025. McGriff was seen in surveillance video entering the couple's home on the pretense of needing to charge his phone. He was seen leaving the home with bags, that his couples was on fire. When the fire was put out, firefighters found McGriff tied to a post, stabbed in the basement, and his wife was found badly burned on the first floor. The fire was ruled intentional. Police called McGriff a violent, career criminal, who is believed armed and dangerous. McGriff was last seen wearing a black hat and black jackets and jeans. Police said he pawned cell phones in the Bronx following the incident. Police told the public not to approach McGriff, but instead contact authorities.",
    "image": "/images/queens-double-homicide-manhunt.webp",
    "slug": "manhunt-underway-queens-double-homicide-arson",
    "date": "10th September 2025",
    "author":"Lauren Jacobs"
  },
  {
    "category": "us",
    "title": "Trump Urges Death Penalty in Charlie Kirk Killing; Widow Vows to Continue His Legacy",
    "shortdescription": "President Trump has called for the death penalty for the suspect in Charlie Kirk's assassination, while Kirk's widow, Erika, pledges to carry on his mission.",
    "description": "President Donald Trump has publicly expressed his hope that the suspect in the assassination of conservative activist Charlie Kirk receives the death penalty if convicted. The 22-year-old suspect, Tyler Robinson, was arrested after allegedly shooting Kirk during a Turning Point USA event at Utah Valley University. Trump emphasized the severity of the crime, stating, 'If convicted, this individual should face the death penalty.' Additionally, Trump announced plans to posthumously award Kirk the Presidential Medal of Freedom, recognizing his contributions to conservative causes and youth activism. In a separate statement, Erika Kirk, the widow of Charlie Kirk, vowed to continue her husband's work, declaring, 'You have no idea the fire that you have ignited within this wife.' She emphasized that Kirk's message of patriotism, faith, and family would persist, stating, 'We’ll never surrender.'",
    "image": "/images/charlie-kirk-trump-erika.webp",
    "slug": "trump-death-penalty-charlie-kirk-widow-legacy",
    "date": "14th September 2025",
    "author": "Daniel Ruiz"
  },
  {
    "category": "us",
    "title": "US Lawmakers Plan First Official Visit to China Since 2019",
    "shortdescription": "A bipartisan delegation of U.S. lawmakers is scheduled to travel to China later this month, marking the first congressional visit in six years amid strained U.S.-China relations.",
    "description": "For the first time since 2019, a group of U.S. lawmakers will travel to China this month, according to NBC News. The bipartisan delegation, which includes senior members of the House, aims to hold direct talks with Chinese officials on a range of issues including trade, security, and human rights. The visit comes at a time of heightened tensions between Washington and Beijing, particularly over Taiwan, technology restrictions, and global influence in developing regions. Analysts see the trip as a potential step toward reopening high-level dialogue, which has been limited in recent years due to the COVID-19 pandemic and escalating political frictions. While the delegation is expected to promote U.S. interests and express concerns over China’s policies, both governments are framing the visit as a constructive opportunity to improve communication and reduce misunderstandings between the two powers.",
    "image": "/images/us-lawmakers-china-visit.webp",
    "slug": "us-lawmakers-first-china-visit-since-2019",
    "date": "14th September 2025",
    "author":"Lauren Jacobs"
  },
  {
    "category": "us",
    "title": "Trump News: Backlash as Kirk Critics Lose Jobs After Activist's Killing",
    "shortdescription": "In the aftermath of conservative activist Charlie Kirk’s killing, individuals who posted critical remarks online have faced job losses, sparking debates over free speech and political polarization.",
    "description": "Following the fatal shooting of conservative activist Charlie Kirk at Utah Valley University, a wave of fallout has emerged across the U.S. Several individuals who made critical or mocking comments about Kirk on social media have reportedly lost their jobs, drawing national attention to the balance between free speech, online conduct, and workplace accountability. Supporters of Kirk argue the reactions show respect for a public figure who was targeted in an act of violence, while critics contend the dismissals highlight a growing intolerance toward dissenting or controversial opinions. The killing has intensified political rancor and prompted heightened calls for stronger security measures at public events. Meanwhile, President Trump and his administration are facing mounting pressure to respond to the broader climate of unrest and the political polarization magnified by this incident.",
    "image": "/images/trump-kirk-backlash.webp",
    "slug": "trump-news-kirk-critics-lose-jobs-after-killing",
    "date": "14th September 2025",
    "author": "David Miller"
  }
]